station_id,name,lat,lon,capacity,address,is_charging_station,nearby_distance
7000,Fort York  Blvd / Capreol Ct,43.639832,-79.395954,47,Fort York  Blvd / Capreol Ct,False,500.0
7001,Wellesley Station Green P,43.6649641599074,-79.3835503152689,23,Yonge / Wellesley,True,500.0
7002,St. George St / Bloor St W,43.6671312183185,-79.3995550638237,19,St. George St / Bloor St W,False,500.0
7003,Madison Ave / Bloor St W,43.6670183046547,-79.4027958687172,15,Madison Ave / Bloor St W,False,500.0
7005,King St W / York St,43.6480008,-79.383177,26,King St W / York St,False,500.0
7006,Bay St / College St (East Side),43.660439,-79.385525,31,Bay St / College St (East Side),False,500.0
7007,College St / Huron St,43.658148,-79.398167,19,College St / Huron St,False,500.0
7008,Wellesley St W / Queen's Park Cres,43.663376,-79.392125,19,Wellesley St W / Queen's Park Cres,False,500.0
7009,King St E / Jarvis St,43.650325,-79.372287,11,King St E / Jarvis St,False,500.0
7010,King St W / Spadina Ave,43.6451424944937,-79.3951035828381,19,King St W / Spadina Ave,False,500.0
7012,Elizabeth St / Edward St (Bus Terminal),43.656026,-79.385327,15,Elizabeth St / Edward St (Bus Terminal),False,500.0
7013,Scott St / The Esplanade,43.6465966317044,-79.3753091386799,19,Scott St / The Esplanade,False,500.0
7014,Sherbourne St / Carlton St (Allan Gardens),43.663102,-79.373181,17,Sherbourne St / Carlton St (Allan Gardens),False,500.0
7015,King St W / Bay St (West Side),43.64852,-79.380576,39,King St W / Bay St (West Side),False,500.0
7016,Bay St / Queens Quay W (Ferry Terminal),43.640978,-79.376785,35,Bay St / Queens Quay W (Ferry Terminal),False,500.0
7017,Widmer St / Adelaide St W - SMART,43.6475476347592,-79.3915520049629,12,Widmer St / Adelaide St W,False,500.0
7018,Bremner Blvd / Rees St,43.641529,-79.386741,49,Bremner Blvd / Rees St,False,500.0
7019,Temperance St Station,43.650945,-79.379498,55,Temperance St. Station,False,500.0
7020,Phoebe St / Spadina Ave,43.650033,-79.396555,33,Phoebe St / Spadina Ave,False,500.0
7021,Bay St / Albert St,43.653264,-79.382458,63,Bay St / Albert St,False,500.0
7022,Simcoe St / Queen St W,43.65049,-79.3873,39,Simcoe St / Queen St W,False,500.0
7023,College St / Borden St,43.6571,-79.4056,11,College St / Borden St,False,500.0
7024,Dundonald St / Church St,43.66663,-79.38148,39,Dundonald St / Church St,False,500.0
7025,Ted Rogers Way / Bloor St E,43.671293,-79.380471,27,Ted Rogers Way / Bloor St E,False,500.0
7026,Bay St / St. Joseph St,43.665527,-79.387499,15,Bay St / St. Joseph St,False,500.0
7027,Beverley St / Dundas St W,43.652823,-79.393388,31,Beverley  St / Dundas St W,False,500.0
7028,Gould St / Mutual St,43.6582,-79.3768,30,Gould St / Mutual St,False,500.0
7029,Bay St / Bloor St W (East Side),43.66943,-79.38915,15,1199 Bay St,False,500.0
7030,Bay St / Wellesley St W,43.664088,-79.387095,35,Bay St / Wellesley St W,False,1609.34
7031,Jarvis St / Isabella St,43.668991,-79.379385,39,Jarvis St / Isabella St,False,500.0
7032,Augusta Ave / Dundas St W,43.652473,-79.401456,15,Augusta Ave / Dundas St W,False,500.0
7033,Union Station,43.645609,-79.380386,27,Union Station,False,500.0
7034,Church St / Bloor St E,43.671389,-79.382919,15,Church St / Bloor St E,False,500.0
7035,Queen St W / Ossington Ave,43.643975,-79.419576,43,Queen St W / Ossington Ave,False,500.0
7036,Trinity St /Front St E,43.651318,-79.36023,19,Trinity St / Front St E,False,500.0
7037,Bathurst St / Dundas St W,43.6518918789007,-79.4057786171272,27,Bathurst St / Dundas St W,False,500.0
7038,Dundas St W / Yonge St,43.656094,-79.381484,31,Dundas St W / Yonge St,False,500.0
7039,Simcoe St / Michael Sweet Ave,43.652327224103,-79.3882538196087,19,Simcoe St / Michael Sweet Ave,False,500.0
7040,Euclid Ave / Bloor St W,43.664467,-79.414783,19,Euclid Ave / Bloor St W,False,500.0
7041,Edward St / Yonge St,43.656729,-79.382736,23,Edward St / Yonge St,False,500.0
7042,Sherbourne St / Wellesley St E,43.6673,-79.374,31,Sherbourne St / Wellesley St E,False,500.0
7043,Queens Quay W / Lower Simcoe St,43.63951,-79.383717,19,Queens Quay W / Lower Simcoe St,False,500.0
7044,Church St / Alexander St,43.663722,-79.380288,35,Church St / Alexander St,False,500.0
7045,Bond St / Queen St E,43.653236,-79.376716,37,Bond St / Queen St E,False,500.0
7046,Niagara St / Richmond St W,43.64534,-79.409597,42,Niagara St / Richmond St W,False,500.0
7047,University Ave / Gerrard St W (East Side),43.657763,-79.389165,25,University Ave / Gerrard St W,False,500.0
7048,Front St W / Yonge St (Hockey Hall of Fame),43.6463229121525,-79.3774646724984,47,Front St W / Yonge St (Hockey Hall of Fame),False,500.0
7049,Portland St / Queen St W,43.6476,-79.4015,15,Queen St W / Portland St,False,500.0
7050,Richmond St E / Jarvis St Green P,43.652634,-79.374222,16,Richmond St E / Jarvis St Green P,True,500.0
7052,Wellington St W / Bay St,43.647259,-79.379878,55,Wellington St W / Bay St,False,500.0
7053,Metro Hall Plaza,43.645859,-79.38783,27,Metro Hall Plaza,False,500.0
7054,Navy Wharf Crt / Bremner Blvd,43.640722,-79.391051,11,Navy Wharf Ct. / Bremner Blvd.,False,500.0
7055,Jarvis St / Carlton St,43.66207,-79.37617,12,Jarvis St / Carlton St,False,500.0
7057,Simcoe St / Wellington St W South,43.6458569,-79.3853654,27,Simcoe St / Wellington St 1,False,500.0
7058,Huron St / Harbord St,43.6637,-79.400053,39,Huron/ Harbord St,False,500.0
7059,Front St W / Blue Jays Way,43.643473,-79.390477,15,Front St W / Blue Jays Way,False,500.0
7061,Dalton Rd / Bloor St W,43.6662942,-79.4066433,15,Dalton Rd / Bloor St W,False,500.0
7063,Queen's Park / Bloor St W,43.668456,-79.393899,23,Queen's Park / Bloor St W,False,500.0
7064,51 Parliament St,43.652169,-79.362841,19,51 Parliament St,False,500.0
7065,Dundas St E / Parliament St,43.659575,-79.365769,15,Dundas St E / Parliament St,False,500.0
7066,Willcocks St / St. George St,43.662085,-79.397735,15,Willcocks St / St. George St,False,500.0
7068,Blantyre Park,43.6830689,-79.279682,22,163 Fallingbrook Rd,False,1609.34
7069,Queen St W / Spadina Ave,43.649147,-79.395504,11,Queen St W / Spadina Ave,False,500.0
7070,25 York St – Union Station South,43.643667,-79.380414,11,25 York St – Union Station South,False,500.0
7071,161 Bleecker St (South of Wellesley),43.666233,-79.373327,23,161 Bleecker St (South of Wellesley),False,500.0
7073,Spadina Ave / Fort York Blvd,43.640114,-79.393249,23,Spadina Ave / Fort York Blvd,False,500.0
7074,King St E / Church St,43.6500392,-79.3733541,35,St James Park,False,500.0
7075,Queens Quay W / Dan Leckie Way,43.636533,-79.395854,27,Queens Quay W / Dan Leckie Way,True,500.0
7076,York St / Queens Quay W,43.640132,-79.380464,57,York St / Queens Quay W,False,500.0
7077,College Park South,43.65945682499,-79.3823646686478,19,College Park South,False,500.0
7078,College St / Major St,43.6576,-79.4032,15,College St / Major St,False,500.0
7079,McGill St / Church St,43.660694,-79.379052,19,McGill St / Church St,False,500.0
7083,Danforth Ave / Barrington Ave,43.688325,-79.300463,15,Danforth Ave / Barrington Ave,False,500.0
7084,High Park - Grenadier Cafe,43.645599,-79.4657123,11,High Park - Grenadier Cafe,False,1609.34
7085,Danforth Ave / Westlake Ave,43.687323,-79.304848,15,Danforth Ave / Westlake Ave,False,500.0
7086,High Park - West Rd,43.651922,-79.465693,23,High Park - West Rd,False,1609.34
7087,Danforth Ave / Aldridge Ave,43.684758,-79.316767,11,Danforth Ave / Aldridge Ave,False,1000.0
7088,Danforth Ave / Coxwell Ave,43.683378,-79.322961,15,Danforth Ave / Coxwell Ave,False,500.0
7089,Church St  / Wood St,43.662712,-79.379903,27,Church St / Wood St,False,500.0
7090,Danforth Ave / Lamb Ave,43.681991,-79.329455,19,Danforth Ave / Lamb Ave,False,500.0
7091,Donlands Subway Station,43.681114,-79.3373885,15,Donlands Station,False,1000.0
7093,Danforth Ave / Gough Ave,43.678401,-79.346289,25,Danforth Ave / Gough Ave,False,500.0
7094,14 Arundel Ave,43.6784834,-79.3513564,24,14 Arundel Ave,True,500.0
7095,Danforth Ave / Ellerbeck St,43.677076,-79.35667,14,Danforth Ave / Ellerbeck St,False,500.0
7096,Lower Don River Trail and Taylor Creek Trail,43.7027268,-79.3336809,19,425 Don Mills Rd,False,500.0
7097,Riverdale Park North (Broadview Ave),43.671172,-79.354704,15,Riverdale Park North (Broadview Ave),False,500.0
7098,Riverdale Park South (Broadview Ave),43.667819,-79.35347,15,Riverdale Park South (Broadview Ave),False,500.0
7099,Mill St / Cherry St,43.651414329687,-79.3568047156297,39,Cherry St / Mill St,False,500.0
7100,Dundas St E / Regent Park Blvd,43.660207,-79.361275,27,Dundas St E / Regent Park Blvd,False,500.0
7101,Lower Sherbourne St / The Esplanade,43.648655,-79.367061,27,Lower Sherbourne St / The Esplanade,False,500.0
7102,Nelson St / Duncan St,43.648711,-79.389728,31,Nelson St / Duncan St,False,500.0
7103,Jimmie Simpson Park (Queen St E),43.6605603,-79.3437663,33,Jimmie Simpson Park (Queen St E),False,500.0
7104,King St E / River St,43.6567847828531,-79.3562738505904,15,King St E / River St,False,500.0
7105,Queen St E / Sackville St,43.6561111,-79.3613888888889,15,Queen St E / Sackville St,False,500.0
7106,Mill St / Tannery Rd,43.652151817184,-79.3545821809742,23,Mill St / Tannery Rd,False,500.0
7107,Cherry St / Distillery Ln,43.650279,-79.356832,15,Cherry St / Distillery Ln,False,500.0
7109,Seaton St / Dundas St E - SMART,43.658777,-79.369596,32,Seaton St / Dundas St E,False,500.0
7110,Queen St E / Berkeley St,43.6552778,-79.3658333333333,15,Queen St E / Berkeley St,False,500.0
7111,King St W / Douro St,43.640885,-79.416379,11,King St W / Douro St,False,500.0
7112,Liberty St / Fraser Ave Green P,43.637981,-79.424146,19,Liberty St / Fraser Ave Green P,False,500.0
7113,Parliament St / Aberdeen Ave,43.665278,-79.368333,15,Parliament St / Aberdeen Ave,False,500.0
7114,Carlton St / Parliament St,43.664524,-79.36793,26,Carlton St / Parliament St,False,500.0
7115,Howard St / Sherbourne St,43.6712581,-79.376367,31,Howard St / Sherbourne St,False,500.0
7116,Bloor St E / Parliament St,43.6719461020018,-79.3724511533729,19,575 Bloor St East,False,500.0
7117,Castle Frank Subway Station,43.6741803008639,-79.3679583971179,19,640 Bloor Street East,False,500.0
7118,King St W / Bay St (East Side),43.648575,-79.380042,18,King St W / Bay St (East Side),False,500.0
7119,Sumach St / Carlton St (Riverdale Farm),43.665867,-79.362506,15,Sumach St / Carlton St (Riverdale Farm),False,500.0
7120,Gerrard St E / River St,43.663993,-79.358534,10,Gerrard St E / River St,False,500.0
7121,Jarvis St / Dundas St E,43.657266,-79.374756,27,Jarvis St / Dundas St E,False,500.0
7122,Niagara St / Tecumseth St,43.641389,-79.404444,15,Niagara St / Tecumseth St,False,500.0
7123,420 Wellington St W,43.643834,-79.396649,15,420 Wellington St W,False,500.0
7124,Dundas St E / Broadview Ave,43.662365,-79.351104,19,Dundas St E / Broadview Ave,False,500.0
7126,Yonge St / Yorkville Ave,43.671944,-79.387778,17,Yonge St / Yorkville Ave,False,500.0
7127,Bay St / Scollard St,43.672152,-79.39018,15,Bay St / Scollard St,False,500.0
7128,Yonge St / Aylmer Ave,43.675492,-79.388858,23,Yonge St / Aylmer Ave,False,500.0
7129,Davenport Rd / Avenue Rd,43.674991,-79.396273,11,Davenport Rd / Avenue Rd,False,500.0
7130,Davenport Rd / Bedford Rd,43.674446,-79.398331,15,Davenport Rd / Bedford Rd,False,500.0
7131,Taddle Creek Park,43.66986,-79.398443,14,Taddle Creek Park,False,500.0
7133,Summerhill Subway Station,43.6820118906123,-79.3913070185242,11,Summerhill Station,False,500.0
7135,Hanna Ave / Liberty St,43.6386086016367,-79.4196543736107,31,Hanna Ave / Liberty St,False,500.0
7137,Davenport Rd / Bathurst St,43.676667,-79.416111,15,Davenport Rd / Bathurst St,False,500.0
7138,Davenport Rd / Christie St,43.675278,-79.423889,27,Davenport Rd / Christie St,False,500.0
7139,Glen Edyth Dr / Davenport Rd,43.677778,-79.405556,15,Glen Edyth Dr / Davenport Rd,False,500.0
7140,Macpherson Ave / Spadina Rd,43.675791,-79.40698,15,Macpherson Ave / Spadina Rd,False,500.0
7141,Bridgman Ave / Kendal Ave,43.675556,-79.410278,15,Bridgeman Ave / Kendal Ave,False,500.0
7142,Bridgman Ave / Bathurst St,43.674444,-79.414722,15,Bridgeman Ave / Bathurst St,False,500.0
7143,Kendal Ave / Bernard Ave,43.671513,-79.408317,15,Kendal Ave / Bernard Ave,False,500.0
7144,Palmerston Ave / Vermont Ave,43.671389,-79.416389,15,Palmerston Ave / Vermont Ave,False,500.0
7146,Christie St / Benson Ave (Wychwood Barns),43.68,-79.425,19,Christie St / Benson Ave (Wychwood Barns),False,500.0
7147,King St W / Fraser Ave,43.6394444,-79.4252777777778,15,King St W / Fraser Ave,False,500.0
7148,King St W / Joe Shuster Way,43.639444,-79.423611,23,King St W / Joe Shuster Way,False,500.0
7149,Yarmouth Rd / Christie St,43.67,-79.4208333333333,11,Yarmouth Rd / Christie St,False,500.0
7150,Dufferin St / Sylvan Av (Dufferin Grove Park),43.6555556,-79.4336111111111,19,Dufferin St / Sylvan Av (Dufferin Grove Park),False,500.0
7151,Essex St / Christie St,43.6686111,-79.4202777777778,19,Essex St / Christie St,False,500.0
7152,Ossington Ave / Bloor St W,43.661710412717,-79.4255916072466,11,Ossington Ave / Bloor St W,False,500.0
7153,Bloor St W / Christie St,43.6638889,-79.4188888888889,19,Bloor St W / Christie St,False,500.0
7154,Bathurst Subway Station,43.6666667,-79.4116666666667,23,Bathurst Subway Station,False,500.0
7155,Bathurst St / Lennox St,43.663808,-79.410491,19,Bathurst St / Lennox St,False,500.0
7156,Salem Ave / Bloor St W,43.6608333,-79.4316666666667,15,Salem Ave / Bloor St W,False,500.0
7157,Dufferin St / Bloor St W,43.6608333333333,-79.4358333333333,23,Dufferin St / Bloor St,False,500.0
7158,King St W / Stafford St,43.6422222,-79.4111111111111,15,King St W / Stafford St,False,500.0
7160,King St W / Tecumseth St,43.6433333333333,-79.4055555555556,19,King St W / Tecumseth St,False,500.0
7161,Beverley St / College St,43.6575,-79.3952777777778,23,Beverley St / College St,False,500.0
7162,Hayter St / La Plante Ave,43.6591666666667,-79.3855555555556,23,Hayter St / Laplante Ave,False,500.0
7164,Gould St / Yonge St (TMU),43.657424,-79.381019,23,Gould St / Yonge St (Ryerson University),False,500.0
7168,Queens Quay / Yonge St,43.641646,-79.375308,47,Queens Quay / Yonge St,False,500.0
7169,Front St W / Bay St (North Side),43.646162,-79.378912,11,Front St W / Bay St (North Side),False,500.0
7170,Spadina Ave / Willcocks St,43.6616667,-79.4013888888889,15,Spadina Ave / Willcocks St,False,500.0
7171,Ontario Place Blvd / Lake Shore Blvd W,43.6322445,-79.4108105,27,Ontario Place Blvd / Lake Shore Blvd W,False,500.0
7172,Strachan Ave / Princes' Blvd,43.635,-79.4088888888889,19,Strachan Ave / Princes' Blvd,False,500.0
7173,Cariboo Ave / Railpath Trail,43.66666667,-79.4583333333333,19,Cariboo St / Rail Path,False,500.0
7174,Bloor St W / Dundas St W,43.6563889,-79.4516666666667,15,Bloor St W / Dundas St W,False,500.0
7175,HTO Park (Queens Quay W),43.63796,-79.387502,27,HTO Park (Queens Quay W),False,500.0
7176,Bathurst St / Fort York Blvd,43.639179,-79.399595,19,Bathurst St / Fort York Blvd,False,500.0
7178,Dundas St W / Edna Ave,43.657192,-79.452559,15,Dundas St W / Edna Ave,False,500.0
7181,Lansdowne Ave / Whytock Ave,43.6538888888889,-79.4413888888889,15,Lansdowne Ave / Whytock Ave,False,500.0
7182,Sterling Rd / Dundas St W,43.6508333333333,-79.4430555555556,19,Sterling Rd / Dundas St W,False,500.0
7183,St Clarens Ave / College St,43.651238,-79.43868,15,St Clarens Ave / College St,False,500.0
7184,Ossington Ave / College St,43.6544915,-79.422634,11,Ossington Ave / College St,False,500.0
7188,Exhibition GO (Atlantic Ave),43.6376954918301,-79.420231841935,15,Exhibition GO (Atlantic Ave),False,500.0
7189,Augusta Ave / Denison Sq,43.653766,-79.4016759,15,Augusta Ave / Denison Sq,False,500.0
7190,St. George St / Hoskin Ave,43.6637403,-79.3980645,15,St. George St / Hoskin Ave,False,500.0
7191,Central Tech  (Harbord St),43.661975,-79.407896,9,Central Tech (Harbord St),False,500.0
7192,Harbord St / Clinton St,43.660414,-79.415646,15,Harbord St / Clinton St,False,500.0
7193,Dufferin St / Queen St W,43.6430968793777,-79.4287561377064,15,Dufferin St /Queen St W ,False,500.0
7194,Mortimer Ave / Coxwell Ave,43.690564,-79.326319,23,Mortimer Ave / Coxwell Ave,False,500.0
7195,Ulster St / Bathurst St,43.66,-79.4088888888889,11,Ulster St / Bathurst St,False,500.0
7196,Roxton Rd / Harbord St,43.65905,-79.422988,10,Roxton Rd / Harbord St,False,500.0
7197,Queen St W / Dovercourt Rd,43.6438602,-79.4227573,11,Queen St W / Dovercourt Rd,False,500.0
7198,Queen St W / Cowan Ave,43.6408972417382,-79.4328358251833,19,1303 Queen St W,False,500.0
7199,College St / Markham St,43.6563888888889,-79.4091666666667,19,College St / Markham St,False,500.0
7202,York St / Queen St W (City Hall),43.6516061917946,-79.3840469333435,27,York St / Queen St W (City Hall),False,500.0
7203,Bathurst St/Queens Quay(Billy Bishop Airport),43.635492,-79.398253,35,Bathurst St/Queens Quay(Billy Bishop Airport),False,500.0
7204,College St / Crawford St,43.655,-79.418889,19,College St / Crawford St,False,500.0
7205,Rusholme Park Cres / College St,43.65277778,-79.42972222,15,Rusholme Park Cres / College St,False,500.0
7206,Claremont St / Dundas St W,43.651281,-79.411717,13,Claremont St / Dundas St W,False,500.0
7207,Dundas St W / Crawford St,43.649722,-79.416944,47,Dundas St W / Crawford St,False,500.0
7208,80 Clinton St,43.656296,-79.414663,14,80 Clinton St (North of College),False,500.0
7209,Ossington Ave / Harrison St,43.6511111111111,-79.4213888888889,19,Ossington Ave / Harrison St,False,500.0
7210,Mary McCormick Rec Centre (Sheridan Ave),43.6475,-79.4330555555556,15,Mary McCormick Rec Centre (Sheridan Ave),False,500.0
7211,Fort York Blvd / Garrison Rd,43.637381,-79.406112,15,Fort York Blvd / Garrison Rd,False,500.0
7216,Wellington St W / Stafford St,43.6409957,-79.4096663,22,Wellington St W / Stafford St,False,500.0
7217,Soho St / Queen St W,43.6496497142916,-79.3937214135265,15,Soho St. / Queen St W,False,500.0
7220,Lake Shore Blvd W / Ellis Ave,43.635932,-79.465083,19,Lake Shore Blvd W / Ellis Ave,False,1000.0
7221,High Park Subway Station,43.6543604,-79.4655296,11,High Park Subway Station,False,1000.0
7222,Sunnyside - Gus Ryder Pool,43.637894,-79.454823,27,Sunnyside - Gus Ryder Pool,False,1000.0
7223,Parkside Dr / Bloor St W - SMART,43.654501,-79.460053,12,Parkside Dr / Bloor St W,False,1000.0
7224,Bloor St W / High Park Ave (High Park),43.6535269,-79.4650569,23,Bloor St W / High Park Ave (High Park),False,1000.0
7225,Lake Shore Blvd W / Windermere Ave,43.634896,-79.467763,19,Lake Shore Blvd W / Windermere Ave,False,1000.0
7226,Lake Shore Blvd W / The Boulevard Club,43.636731,-79.444966,19,Lake Shore Blvd W / The Boulevard Club,False,1000.0
7227,Martin Goodman Trail (Marilyn Bell Park),43.6314,-79.4304,31,Martin Goodman Trail (Marilyn Bell Park),False,1000.0
7228,King St W / Wilson Park Blvd,43.6372958,-79.4423237,19,King St W / Wilson Park Rd,False,1000.0
7229,Dundas St W / Roncesvalles Ave Green P -SMART,43.6534268,-79.4512787,12,Dundas St W / Roncesvalles Green P,False,1000.0
7230,Garden Ave / Roncesvalles Ave,43.643769,-79.447915,19,Garden Ave / Roncesvalles Ave,False,1000.0
7231,Wright Ave / Sorauren Ave - SMART,43.646677,-79.442741,18,Wright Ave / Sorauren St (Sorauren Park),False,1000.0
7232,Queen St W  /  Fuller Ave - SMART,43.640255,-79.439223,16,Queen St W / Fuller Ave,False,1000.0
7233,King St W / Cowan Ave - SMART,43.637922,-79.431734,16,King St W / Cowan Ave,False,1000.0
7234,Roncesvalles Ave / Marmaduke St,43.650492,-79.450842,19,Roncesvalles Ave / Marmaduke St,False,1000.0
7235,Bay St / College St (West Side) - SMART,43.660087,-79.385655,16,Bay St / College St (West Side),False,1000.0
7236,Thompson St / Broadview Ave - SMART,43.659471,-79.350325,24,Thompson St / Broadview Ave,False,1000.0
7237,Ward St / Wallace Ave,43.662857,-79.44618,15,Ward Ave / Wallace Ave,False,1000.0
7238,Sorauren Ave / Geoffrey St - SMART,43.649172,-79.4445087,16,Sorauren St / Geoffrey St (Sorauren Park),False,1000.0
7239,Bloor St W / Manning Ave - SMART,43.663912,-79.416124,42,Bloor St W / Manning Ave,False,1000.0
7240,Bloor St W / Shaw St - SMART,43.662403,-79.423098,34,Bloor St W / Shaw Ave,False,1000.0
7241,519 Church St ,43.6668334195837,-79.3812039105412,11,620 Church St,False,1000.0
7242,Lake Shore Blvd W / Ontario Dr,43.630254,-79.420317,35,Lake Shore Blvd W / Ontario Dr (Ontario Place),False,560.0
7243,Exhibition GO Station,43.6352007,-79.4187711,14,Exhibition GO Station,False,1000.0
7244,Dufferin Gate - SMART,43.633473,-79.425679,16,Dufferin Gate,False,1000.0
7246,Yonge St / Bloor St,43.669969,-79.386532,19,Yonge St / Bloor St,False,1000.0
7247,Howard Park Ave / Dundas St W - SMART,43.6521,-79.4486,12,Howard Park Ave / Dundas St W,False,1000.0
7248,Baldwin St / Spadina Ave - SMART,43.654905,-79.398448,20,Baldwin Ave / Spadina Ave,False,1000.0
7249,144 Harrison St,43.651145,-79.423742,51,144 Harrison St ,True,100.0
7250,Ursula Franklin St / St. George St - SMART,43.660296,-79.397107,16,Ursula Franklin St / St. George St,False,1000.0
7252,Robert St / Bloor St W - SMART,43.665846,-79.404998,18,Robert St / Bloor St W,False,1000.0
7253,John St  / Mercer St - SMART,43.6461,-79.3895,12,John St / Mercer St - SMART,False,1000.0
7256,Vanauley St / Queen St W - SMART,43.648437,-79.39838,12,Vanauley St / Queen St W,False,1000.0
7257,Dundas St W / St. Patrick St,43.6545174,-79.3895315,19,Dundas St W / St. Patrick St,False,1000.0
7258,Queen St E / Rushbrooke Ave,43.6626628,-79.3323698,15,Queen St E / Rushbrooke Ave,False,1000.0
7259,Lower Spadina Ave / Lake Shore Blvd W,43.638497,-79.39192,19,Lower Spadina Ave / Lake Shore Blvd W,False,1000.0
7260,Spadina Ave / Adelaide St W,43.6472019,-79.3953394,15,Spadina Ave / Adelaide St W,False,1000.0
7261,Queens Quay E / Lower Sherbourne St,43.645215,-79.364898,26,Queens Quay E / Lower Sherbourne,False,1000.0
7262,Wychwood Ave / Benson Ave - SMART,43.6809164,-79.4229684,16,Wychwood Ave / Benson Ave,False,1000.0
7264,Bloor St E / Huntley St - SMART,43.671535,-79.379173,20,Bloor St E / Huntley St,False,1000.0
7265,Wallace Ave / Symington Ave - SMART,43.661324,-79.449534,12,Wallace Ave / Symington Ave,False,1000.0
7266,Victoria Park Subway Station - SMART,43.6951015219883,-79.289703032016,12,Victoria Park Subway Station,False,1000.0
7267,Dundas St E / Pembroke St ,43.658295,-79.372346,15,Dundas St E / Pembroke St,False,1000.0
7268,111 Bond St (North of Dundas St E)  - SMART,43.656927,-79.378497,16,111 Bond St (North of Dundas St E),False,1000.0
7269,Toronto Eaton Centre (Yonge St) - SMART,43.655431,-79.380653,20,Toronto Eaton Centre (Yonge St),False,1000.0
7270,Church St / Dundas St E - SMART,43.657024,-79.377257,20,Church St / Dundas St E,False,1000.0
7271,Yonge St / Alexander St - SMART,43.662862,-79.383572,18,Yonge St / Alexander St,False,1000.0
7272,Yonge St / Dundonald St ,43.6659601006773,-79.384613609787,26,Yonge St / Dundonald St,False,1000.0
7273,Bay St / Charles St W - SMART,43.668153,-79.38891,20,Bay St / Charles St W,False,1000.0
7276,Bloor St W / Balmuto St,43.6698106428206,-79.3880110687303,11,Bloor St W / Balmuto St,False,1000.0
7277,Chorley Park - SMART,43.6856,-79.3718,20,Chorley Park,False,1000.0
7278,Mallon Ave / Jones Ave -SMART,43.66587,-79.33443,16,Mallon Ave / Jones Ave,False,1000.0
7279,Rosehill Ave / Avoca Ave - SMART,43.687999,-79.38906,16,Rosehill Ave / Avoca Ave,False,1000.0
7281,Charles St W / Balmuto St - SMART,43.668427,-79.38725,24,Charles St W / Balmuto St,False,1000.0
7282,Adelaide St W / Bay St,43.650152,-79.379856,23,Adelaide St W / Bay St,False,1000.0
7283,Front St W / Bay St (South Side),43.64595,-79.378761,19,Front St W / Bay St (South Side),False,1000.0
7284,University Ave / King St W - SMART,43.6477785,-79.3847928,24,University Ave / King St W,False,1000.0
7285,Spadina Ave / Harbord St - SMART,43.6629228,-79.4018451,36,Spadina Ave / Harbord St,False,1000.0
7286,Gerrard St E / Broadview Ave  - SMART,43.665656,-79.352055,18,Gerrard St E / Broadview,False,1000.0
7287,Queen St E / Pape Ave - SMART,43.661673,-79.337789,15,Queen St E / Pape Ave,False,1000.0
7288,Humber Bay Shores Park West,43.6224434,-79.480284,31,Humber Bay Shores Park West,False,1000.0
7289,Humber Bay Shores Park East,43.6308933,-79.4722622,23,Humber Bay Shores Park East,False,1000.0
7291,190 Queens Quay E,43.6451308,-79.3653644,15,Lake Shore Blvd E / Parliament St,False,1000.0
7292,Granby St / Church St - SMART,43.6614605,-79.3789457,24,Granby St / Church St -SMART,False,1000.0
7296,Westmoreland Ave / Fernbank Ave,43.665327,-79.43235,19,Westmoreland Ave / Fernbank Ave,False,1000.0
7297,Havelock St / Dufferin Park,43.657343,-79.43112,19,Havelock St / Dufferin Park,False,1000.0
7298,Bathurst St / Adelaide St W,43.645324,-79.40345,25,Bathurst St / Adelaide St W,False,1000.0
7299,Mill St / Parliament St,43.650256,-79.36163,15,Mill St / Parliament St,False,1000.0
7301,Primrose Ave / Davenport Rd,43.67142,-79.445947,15,Primrose Ave / Davenport Rd,False,1000.0
7302,Winona Dr / Davenport Rd,43.674923,-79.430465,11,Winona Dr / Davenport Rd,False,1000.0
7303,Queen St E / Woodward Ave,43.665269,-79.319796,19,Queen St E / Woodward Ave,False,1000.0
7309,Queen St E / Rhodes Ave,43.666224,-79.317693,23,Queen St. E / Rhodes Ave.,False,1000.0
7311,Sherbourne St / Isabella St,43.669576,-79.375961,19,Sherbourne St / Isabella St,False,1000.0
7312,Amelia St / Sumach St,43.66852,-79.363525,11,Amelia St. / Sumach St.,False,1000.0
7313,Emdaabiimok Ave / Lake Shore Blvd E,43.662771,-79.315223,15,1420 Lake Shore Blvd E,False,1000.0
7314,Queen St. E / Eastern Ave,43.667208,-79.312315,15,Queen St E / Eastern Ave,False,1000.0
7315,Queen St E / Hammersmith Ave,43.671349,-79.29451,11,Queen St E / Hammersmith Ave,False,1000.0
7316,Queen St. E / Spruce Hill Rd.,43.672571,-79.289,15,Queen St. E / Spruce Hill Rd.,False,1000.0
7317,Hubbard Blvd / Balsam Av,43.669328,-79.288949,19,Hubbard Blvd / Balsam Av,False,1000.0
7318,Hubbard Blvd / Glen Manor Dr,43.668633,-79.291162,15,Hubbard Blvd. / Glen Manor Dr.,False,1000.0
7319,Lake Shore Blvd E / Knox Ave,43.660206,-79.3244,11,Lake Shore Blvd E / Knox Ave,False,1000.0
7320,Front St W / University Ave (1),43.6451635,-79.3831757,19,Front St W / University Ave (1),False,1000.0
7321,Front St W / University Ave (2),43.6452972,-79.3827914,19,Front St W / University Ave (2),False,1000.0
7322,East Liberty St / Western Battery Rd,43.6392777,-79.4115736,19,E Liberty St / Western Battery Rd,False,1000.0
7324,King St W / Charlotte St,43.645572,-79.39399,23,King St W / Charlotte St,False,1000.0
7326,Davenport Rd / Lansdowne Ave,43.671526,-79.44874,19,Davenport Rd / Landsdowne Rd,False,1000.0
7329,Crawford St / Queen St W,43.645665,-79.415345,19,Crawford St / Queen St W,False,1000.0
7331,Coxwell Ave / Plains Rd,43.69595,-79.328535,19,Coxwell Ave / Plains Rd,False,1000.0
7332,200 Bloor St E,43.671561,-79.38117,23,200 Bloor St. E.,False,1000.0
7333,King St E / Victoria St,43.6495789,-79.3762096,19,King St E / Victoria St,False,1000.0
7334,Simcoe St / Wellington St W (North),43.6464602104602,-79.3855772196434,15,Simcoe St / Wellington St 2,False,1000.0
7335,Bay St / Bloor St W (West Side),43.669244,-79.3894,19,1188 Bay St,False,1000.0
7336,Queen St E / Alton Av,43.663912,-79.327987,19,Queen St E / Alton Av,False,1000.0
7337,Gerrard Square Mall (1010 Gerrard St E),43.668553,-79.338673,23,Gerrard Square Mall (1010 Gerrard St E),False,1000.0
7338,Logan Ave / Bain Ave,43.6720273,-79.3470557,19,Logan Ave / Bain Ave,False,1000.0
7339,Carlaw Ave / Strathcona Ave,43.6753188,-79.3462789,15,Carlaw Ave / Strathcona Ave,False,1000.0
7340,Blake St / Boultbee Ave,43.672453,-79.338259,15,Blake St / Boultbee Ave,False,1000.0
7341,Eastern Ave / Winnifred Ave,43.6592088,-79.3348396,14,Eastern Ave / Winnifred Ave,False,1000.0
7342,Morse St / Eastern Ave,43.657991,-79.340075,11,Morse St / Eastern Ave,False,1000.0
7343,Alton Ave / Dundas St E (Greenwood Park),43.66745,-79.329408,23,Alton Ave / Dundas St E (Greenwood Park),False,1000.0
7344,Cherry Beach,43.637764,-79.345359,49,Cherry Beach,False,1000.0
7345,Cherry Beach Sports Fields (55 Unwin Ave),43.6408346,-79.3429074,30,Cherry Beach Sports Field (55 Unwin Ave),False,1000.0
7346,Logan Ave / Gerrard St E,43.6672144,-79.3452697,23,Logan Av / Gerrard St E,False,1000.0
7347,Regal Rd / Dufferin St,43.673939,-79.441159,15,Regal Rd / Dufferin St,False,1000.0
7348,Pape Ave / Gamble Ave,43.690237,-79.350119,19,Pape Ave / Gamble Ave,False,1000.0
7349,Gamble Ave / Broadview Ave,43.689211,-79.35438,23,Gamble Ave / Broadview Ave,False,1000.0
7350,Broadview Ave / Westwood Ave,43.6848652,-79.356602,23,Broadview Ave/ Westwood Ave,False,1000.0
7351,Pretoria Ave / Broadview Ave,43.6783213,-79.35822,19,Pretoria Av / Broadview Av,False,1000.0
7352,Cosburn Ave / Donlands Ave,43.690537,-79.341307,19,Cosburn Ave / Donlands Ave,False,1000.0
7353,Fulton Ave / Pape Ave,43.68395,-79.347046,19,Fulton Ave / Pape Ave,False,1000.0
7354,Tommy Thompson Park (Leslie Street Spit),43.6522266222553,-79.3229544095408,31,Tommy Thompson Park (Leslie Street Spit),False,16093.4
7355,Beltline Trail / Chaplin Cres,43.704461,-79.423122,15,Beltline Trail / Chaplin Cres.,False,1000.0
7356,King St E / Berkeley St,43.651885,-79.3649,31,King St E / Ontario St.,False,1000.0
7357,Lake Shore Blvd E / Leslie St,43.659195,-79.329196,19,Lake Shore Blvd E / Leslie St,False,1000.0
7358,Galbraith Rd / King's College Rd,43.6603874468082,-79.3953783181415,17,Galbraith Rd / King's College Rd,False,1000.0
7359,Rosedale Park (20 Scholfield Ave),43.682645,-79.377557,23,Rosedale Park (20 Schofield Ave),False,1000.0
7360,Concord Ave / Dewson St,43.656945,-79.424911,17,Concord Av / Dewson St,False,1000.0
7361,Hocken Ave / Vaughan Rd,43.6817346,-79.4184725,19,Hocken Ave./Vaughan Rd.,False,1000.0
7362,St. Clair Ave W / Bathurst St,43.683296,-79.418734,19,St Clair Ave W / Bathurst St.,False,1000.0
7363,Wells Hill Ave / St. Clair Ave W,43.683351,-79.41562,15,Wells Hill Ave / St Clair Ave W,False,1000.0
7364,Queen St E / Nursewood Rd,43.673831,-79.281455,19,Queen St E / Nursewood Rd (Neville Park Loop),False,1000.0
7365,Kewbeach Ave / Kenilworth Ave,43.666325,-79.3014,23,Kew Beach Ave / Kenilworth Ave,False,1000.0
7366,Fort York Blvd / Bathurst St - SMART,43.639052,-79.399792,20,Fort York Blvd / Bathurst St SMART,False,1000.0
7367,Alma Ave / Gladstone Ave SMART,43.6448617,-79.42822,16,Alma Ave / Gladstone Ave SMART,False,1000.0
7368,Lisgar St / Dundas St W - SMART,43.6493472,-79.42668,8,Lisgar St / Dundas St SMART,False,1000.0
7371,Eglinton Ave W / Henning Ave SMART,43.7063473,-79.40161,20,Eglinton Ave W / Henning Ave SMART,False,1000.0
7373,George St / King St E,43.6509552,-79.3707,15,George St / King St E,False,1000.0
7374,Frederick St / The Esplanade,43.6487245,-79.36839,19,Frederick St / The Esplanade,False,1000.0
7375,Front St E / Scott St,43.6476616,-79.37549,11,Front St E / Scott St,False,1000.0
7376,Frobisher Ave / Lascelles Blvd,43.696708,-79.40045,19,Frobisher Ave / Lascelles Blvd,False,1000.0
7377,Balliol St / Yonge St - SMART,43.6978701,-79.39419,36,Balliol St / Yonge St - SMART,False,1000.0
7378,Yonge St / Davisville Ave,43.6975969,-79.39654,15,Yonge St / Davisville Ave,False,1000.0
7379,Lawton Blvd / Yonge St,43.6910667,-79.39535,15,Lawton Blvd / Yonge St,False,1000.0
7380,Erskine Ave / Yonge St SMART,43.7112153,-79.39894,16,Erskine Ave / Yonge St SMART,False,1000.0
7381,Yonge St / Orchard View Blvd,43.7083577,-79.398862,35,Roehampton Ave / Yonge St,False,1000.0
7383,12 Harbour St,43.6425636,-79.3762,15,12 Harbour St,False,1000.0
7384,Cumberland St / Bay St -  SMART,43.6704537,-79.39014,9,Cumberland Ave / Bay St,False,1000.0
7385,20 Charles St E,43.6691099,-79.38551,33,20 Charles St E,True,1000.0
7386,D'Arcy St / McCaul St - SMART,43.655227,-79.39201,16,"D'Arcy St, /McCaul St. SMART",False,1000.0
7387,Mortimer Ave / Carlaw Ave SMART,43.685167,-79.34962,12,Mortimer Ave / Carlaw Ave SMART,False,1000.0
7388,Broadview Subway Station,43.6772,-79.35858,15,Broadview Ave / Danforth Ave,False,1000.0
7389,College Park - Gerrard Entrance,43.658938,-79.383518,25,College Park- Gerrard Entrance,False,1000.0
7391,Yonge St / Dundas Sq,43.655766,-79.3802,31,Yonge St / Dundas Sq,False,1000.0
7395,Dentonia Park,43.694341,-79.291416,23,Dentonia Park Station,False,1609.34
7398,York St / Lake Shore Blvd W,43.641952,-79.380723,19,York St / Lakeshore St W - South,False,1609.34
7399,Lower Jarvis St / Queens Quay E,43.64422,-79.36927,18,Lower Jarvis / Queens Quay E,False,1609.34
7400,Polson Pier,43.641675,-79.354006,23,Polson Pier,False,1609.34
7403,Lascelles Blvd / Eglinton Ave W,43.70547,-79.40355,19,Lascelles Blvd / Eglinton Ave W,False,1609.34
7404,Roehampton Ave / Mount Pleasant Rd,43.70942,-79.39139,19,Roehampton Ave / Mount Pleasant Rd,False,1609.34
7407,University Ave / Queen St W,43.6505242421255,-79.386727025795,19,250 University Ave ,False,1609.34
7409,Isabella St / Church St,43.66834,-79.38235,27,Isabella St / Church St,False,1609.34
7410,Howard St / Rose Ave,43.671278,-79.372127,19,Howard St / Ontario St,False,1609.34
7411,Little Norway Park,43.635023,-79.399505,21,Little Norway Park,False,1609.34
7412,King St W / Crawford St,43.6417852,-79.4131148,23,King St W / Crawford St ,False,1609.34
7414,Keele St / Annette St,43.66402,-79.46418,15,Keele St / Annette St,False,1609.34
7415,Keele St / Vine Ave,43.66686,-79.46526,23,Keele St / Vine Ave,False,1609.34
7416,Spadina Ave / Blue Jays Way,43.641705,-79.393295,31,Spadina Ave / Blue Jays Way,False,1609.34
7417,King St W / Jordan St,43.648928,-79.378623,11,King St / Jordan St,False,1609.34
7418,College Park - Yonge St Entrance,43.65988,-79.38279,25,College Park - Yonge Entrance,False,1609.34
7419,Bloor St W / Huron St,43.667023,-79.401805,27,Bloor St W / Huron St,False,1609.34
7420,Barton Ave / Howland Ave - SMART,43.66842,-79.410585,28,Barton St / Howland St - SMART,False,1609.34
7422,Tyndall Ave / King St W - SMART,43.638426,-79.429142,16,Tyndall Ave / King St W - SMART,False,1609.34
7425,The Queensway at South Kingsway,43.63632,-79.47307,23,The Queensway at South Kingsway,False,1609.34
7427,Northern Dancer Blvd / Lake Shore Blvd E,43.663162,-79.309765,26,Northern Dancer Blvd / Lake Shore Blvd E,False,1609.34
7428,Woodbine Ave / Lake Shore Blvd E,43.665645,-79.304711,27,Woodbine Ave / Lake Shore Blvd E,False,1609.34
7429,Woodbine Subway Station,43.686442,-79.313404,15,Woodbine Subway Station,False,1609.34
7430,Marilyn Bell Park Tennis Court,43.633537,-79.437461,27,Marilyn Bell Park Tennis Court,False,1609.34
7431,Gerrard St E / Leslie St,43.669813,-79.3335,23,Gerrard St E / Leslie St,False,1609.34
7432,Frederick St / King St E,43.651118,-79.369411,47,Frederick St / King St E,False,1609.34
7433,Dundas St E / Boulton Ave - SMART,43.663148,-79.347938,16,Dundas St E / Boulton Ave - SMART,False,1609.34
7434,91 Via Italia,43.6766501425383,-79.4450302975533,39,91 Via Italia,True,450.0
7435,Rushton Rd / St. Clair Ave W,43.68114,-79.4277,11,Rushton Rd / St Clair Ave,False,1609.34
7437,Concord Ave / Bloor St W,43.66189,-79.42679,15,Concord Ave / Bloor St W,False,1609.34
7438,Gothic Ave / Quebec Ave,43.65389,-79.4675,19,High Park Subway,False,1609.34
7441,Pacific Ave / Glenlake Ave,43.65716,-79.46478,23,Pacific Ave / Glenlake Ave ,False,1609.34
7442,Lonsdale Rd / Spadina Rd,43.688526,-79.412903,15,Lonsdale Rd / Spadina Rd,False,1609.34
7443,Dundas St E / George St,43.6574766,-79.373446,25,Dundas St E / George St,False,1609.34
7444,Clendenan Ave / Rowland St - SMART,43.66073,-79.47149,20,Clendenan Ave / Rowland St - SMART,False,1609.34
7445,Eastwood Rd / Coxwell Ave,43.673118,-79.318651,19,Eastwood Rd / Coxwell Ave,False,1609.34
7446,Orchard Park,43.66908,-79.3149,19,Orchard Park,False,1609.34
7447,Trent Ave / Danforth Ave,43.689293,-79.295895,23,Trent Ave / Danforth Ave,False,1609.34
7448,Goodwood Park Crt / Dentonia Park,43.694826,-79.295208,19,Goodwood Park Ct / Dentonia Park,False,1609.34
7449,Cosburn Ave / Cedarvale Ave,43.697139,-79.31469,15,Cosburn Ave / Cedarvale Ave,False,1609.34
7450,Carlaw Ave / Danforth Ave,43.6782481428163,-79.3470965545616,15,Carlaw Ave / Danforth Ave,False,1609.34
7451,Western Battery Rd / Pirandello St,43.640075,-79.414156,31,Western Battery Rd / Pirandello St,False,1609.34
7452,Bleecker St / St James Ave,43.669232,-79.374495,23,Bleecker St / St James Ave,False,1609.34
7453,Jarvis St / Maitland Pl,43.6647688,-79.3772602,17,Jarvis St / Maitland Pl,False,1609.34
7454,Pottery Rd / Lower Don River Trail,43.688148,-79.362101,15,Pottery Rd / Lower Don River Trail,False,1609.34
7455,E.T. Seton Park (Eglinton Ave E / Leslie St),43.715951,-79.351246,27,E.T. Seton Park (Eglinton Ave E / Leslie St),False,1609.34
7457,Queen's Park Cres W / Hoskin Ave,43.665221,-79.394009,23,Queen's Park Cres W / Hoskin Ave,False,1609.34
7458,Church St / Lombard St,43.651678,-79.375233,17,Church St / Lombard St,False,1609.34
7459,St. Clair Ave W / Winona Dr,43.680466,-79.432522,11,St Clair Ave W / Winona Dr,False,1609.34
7460,High Park Outdoor Pool,43.650154,-79.464934,26,High Park Outdoor Pool,False,1609.34
7461,High Park Amphitheatre,43.646251,-79.46472,23,High Park Amphitheatre,False,17702.74
7462,Richmond St E / Yonge St,43.651838,-79.378743,17,Richmond St E / Yonge St,False,1609.34
7465,Russell Hill Rd / St. Clair Ave W,43.685569,-79.408019,19,Russell Hill Rd / St Clair Ave W,False,1609.34
7466,Glendonwynne Rd / Bloor St W,43.65182,-79.47421,19,Glendonwynne Ave / Bloor St W,False,1609.34
7467,Lower Simcoe St / Bremner Blvd,43.64283,-79.38409,15,Lower Simcoe St / Bremner Blvd,False,1609.34
7468,Front St W / Simcoe St,43.6444800354339,-79.3869878134918,27,Front St / Simcoe St,False,1609.34
7469,York St / Wellington St W (1) ,43.646734,-79.38301,23,Wellington St W / York St,False,1609.34
7471,2300 Lakeshore Blvd W,43.61868,-79.48674,15,Lake Shore Blvd W / Louisa St,True,1609.34
7473,Adelaide St W / Strachan Ave,43.6432530948273,-79.4123046990417,15,Adelaide St W / Strachan Ave,False,1609.34
7474,Clarence Square,43.64407,-79.3929,23,Clarence Square,False,1609.34
7475,Jarvis St / Richmond St E,43.652777,-79.372637,19,Jarvis St / Richmond St E,False,1609.34
7476,Symington Ave / Dupont St,43.665538,-79.451263,15,Symington Ave / Dupont St,False,1609.34
7477,Antler St / Campbell Ave - SMART,43.664182,-79.449066,20,Antler St / Campbell Ave - SMART,False,1609.34
7478,Ellis Ave / The Queensway,43.63855,-79.46693,19,Ellis Ave / The Queensway,False,1609.34
7479,Jane St / Bloor St W (Jane Subway Station),43.64976,-79.48477,15,Jane St / Bloor St W (Jane Subway Station),False,1609.34
7480,Neil McLellan Park,43.65143,-79.47779,14,Neil McLellan Park,False,1609.34
7483,Southwood Dr / Kingston Rd - SMART,43.678685,-79.297974,12,Southwood Dr / Kingston Rd - SMART,False,1609.34
7484,Briar Hill Ave / Yonge St - SMART,43.713524,-79.400162,16,Briar Hill Ave / Yonge St - SMART,False,1609.34
7485,Blythwood Rd / Yonge St - SMART,43.716652,-79.399993,11,Blythwood Rd / Yonge St - SMART,False,1609.34
7486,Gerrard St E / Main St,43.684261,-79.299332,21,Gerrard St E / Main St,False,1609.34
7487,Eastwood Rd / Woodbine Ave - SMART,43.676216,-79.309395,14,Eastwood Rd / Woodbine Ave,False,1609.34
7488,Summerhill Ave / Maclennan Ave,43.685924,-79.376304,11,Summerhill Ave / Maclennan Ave,False,1609.34
7489,Sumach St  / Queen St E,43.656638,-79.358749,19,Sumach St  / Queen St E,False,1609.34
7492,Cherry St / Lake Shore Blvd E,43.6482701576102,-79.3565173367707,15,324 Cherry St,False,350.0
7493,Sackville St / Eastern Ave - SMART,43.653809,-79.3595,12,Sackville St / Eastern Ave - SMART,False,1609.34
7494,Davenport Rd / McAlpine St - SMART,43.673768,-79.391253,12,Davenport Rd / McAlpine St - SMART,False,1609.34
7496,Sunnyside Ave / The Queensway - SMART,43.6397,-79.44865,20,Sunnyside Ave / The Queensway - SMART,False,1609.34
7497,128 Sterling Rd - SMART,43.654004,-79.444792,20,128 Sterling Ave - SMART,False,1609.34
7501,Humberside Grounds - SMART,43.65917,-79.46997,20,Humberside Grounds - SMART,False,1609.34
7502,University Ave / College St (East),43.65995,-79.38964,20,University Ave / College St (East),False,1609.34
7503,Gerrard St E / Malvern Ave - SMART,43.685221,-79.294766,20,Gerrard St E / Malvern Ave - SMART,False,1609.34
7504,Gerrard St E / Victoria Park Ave - SMART,43.686962,-79.286864,16,Gerrard St E / Victoria Park Ave,False,1609.34
7505,Ontario St / Adelaide St E -SMART,43.6535052,-79.3667689,19,Ontario St / Adelaide St E -SMART,False,1609.34
7506,Berkeley St / Adelaide St E - SMART,43.6532687120954,-79.364819747676,12,Berkeley St / Adelaide St E - SMART,False,1609.34
7508,Berkeley St / Dundas St E - SMART,43.658816,-79.367318,20,Berkeley St / Dundas St E - SMART,False,1609.34
7514,Humber Bay Shores Park / Marine Parade Dr,43.626265,-79.476723,63,Humber Bay Shores Park / Marine Parade Dr,False,1609.34
7515,Amos Waites Park,43.613606,-79.4883535,27,Amos Waites Park,False,1609.34
7516,Superior Ave / Lake Shore Blvd W,43.6146692,-79.4873148,17,Superior Ave / Lake Shore Blvd W,False,1609.34
7517,Ripley Ave / Ormskirk Ave,43.6390437,-79.4760109,23,Ripley Ave / Ormskirk Ave,False,1609.34
7518,Lake Shore Blvd W / Colborne Lodge Dr,43.63771,-79.458173,27,Lake Shore Blvd W / Colborne Lodge Dr,False,1609.34
7519,406 Oakwood Ave,43.6882706002271,-79.4393776708185,19,"406 Oakwood Ave, York, ON M6E 2W3",False,1609.34
7520,St Clarens Ave / Shirley St,43.6486599,-79.4376413,15,St Clarens Ave / Shirley Ave,False,1609.34
7521,Emerson Ave / Bloor St W,43.658739,-79.440691,23,Emerson Ave / Bloor St W,False,1609.34
7522,Wallace Ave / Pauline Ave,43.6632257,-79.4397052,17,Wallace Ave / Pauline Ave,False,1609.34
7523,Lynn Williams St / East Liberty St,43.638925,-79.4168659,15,Lynn Williams St / East Liberty St,False,1609.34
7524,Lisgar Park,43.6423847,-79.4240277,35,Lisgar Park,False,1609.34
7526,Bartlett Parkette,43.6702236,-79.4360232,23,Bartlett Parkette,False,1609.34
7527,Joseph J Piccininni Community Centre,43.675648,-79.4527619,19,Joseph J Piccininni Community Centre,False,1609.34
7528,Spadina Rd / Austin Terrace,43.67883,-79.408723,17,Spadina Rd / Austin Terrace,False,1609.34
7529,Symington Ave / Davenport Rd,43.6704403,-79.4532855,15,Symington Ave / Davenport Rd,False,1609.34
7530,Sherbourne St N / Elm Ave,43.6752732,-79.3778458,23,Sherbourne St N / Elm Ave,False,1609.34
7531,541 Huron St - SMART,43.670206,-79.402643,20,541 Huron St,False,1609.34
7533,Housey St / Dan Leckie Way,43.63811,-79.397877,27,Housey St / Dan Leckie Way,False,1609.34
7534,Walnut Ave / Queen St W,43.645469,-79.411084,15,Walnut Ave / Queen St W,False,1609.34
7536,Palmerston Ave / Dundas St W,43.651603,-79.408346,23,Palmerston Ave / Dundas St W,False,1609.34
7537,Euclid Ave / Herrick St - SMART,43.661559,-79.413845,16,Euclid Ave / Herrick St,False,1609.34
7538,Vaughan Rd /Wychwood Ave,43.6882821,-79.4253856,19,Vaughan Rd /Wychwood Ave,False,1609.34
7539,Davisville Ave / Pailton Cres,43.69933,-79.39199,19,Davisville Ave / Pailton Cres,False,1609.34
7540,Alvin Ave / St. Clair Ave E,43.68871,-79.39264,19,Alvin Ave / St Clair Ave E,False,1609.34
7541,Bellwoods Ave / Treford Pl - SMART,43.65246,-79.413528,20,Bellwoods Ave / Treford Pl,False,1609.34
7542,Queen St W / John St,43.650077,-79.391291,23,Queen St W / John St,False,1609.34
7543,Nassau St / Bellevue Ave,43.6548421554225,-79.4035123249437,15,Nassau St / Bellvue Ave,False,1609.34
7545,Baldwin St / Henry St,43.6560758,-79.393259,15,Baldwin St / Henry St,False,1609.34
7546,Ross St / Cecil St - SMART,43.6568254,-79.3966159,18,Ross St / Cecil St,False,1609.34
7547,Orde St / McCaul St,43.6580442,-79.3927404,15,Orde St / McCaul St,False,1609.34
7549,439 Sherbourne St,43.666051,-79.374161,47,439 Sherbourne St,False,1609.34
7551,The Esplanade / Hahn Pl,43.649709,-79.364184,15,The Esplanade / Hahn Pl,False,1609.34
7552,Lake Shore Blvd W / Thirty Ninth Street,43.5927419,-79.5403301,19,Lake Shore Blvd W / Thirty Ninth Street,False,1609.34
7553,Lake Shore Blvd W / Twenty Fourth St,43.597082,-79.522768,19,Lake Shore Blvd W / Twenty Fourth St,False,1609.34
7554,Humber College (Lakeshore Campus),43.5961692,-79.5160575,27,Humber College,False,1609.34
7555,Royal York Rd / Mimico Ave,43.612063,-79.496573,20,Royal York Rd / Mimico Ave,False,1609.34
7556,Windsor St / Newcastle St,43.6171635,-79.4971065,31,Windsor St / Newcastle St,False,1609.34
7557,The Queensway / High St,43.630874,-79.482407,23,The Queensway / High St,False,1609.34
7558,Berry Rd / Bell Manor Dr,43.63732,-79.489083,19,Berry Rd / Bell Manor Dr,False,1609.34
7559,Swansea Community Centre,43.6438036,-79.4770327,15,Swansea Community Centre,False,1609.34
7561,Annette St / Jane St,43.658574,-79.487246,15,Annette St / Jane St,False,1609.34
7562,Priscilla Ave / Dundas St W,43.664665,-79.489385,23,Priscilla  Ave / Dundas St W,False,1609.34
7563,St. Clair Ave W / Castleton Ave,43.668496,-79.485426,19,St Clair Ave W / Castleton Ave,False,1609.34
7564,Durie St / Dundas St W,43.665523,-79.484892,23,Durie St / Dundas St W,False,1609.34
7565,St. Clair Ave W / Gunns Rd,43.672079,-79.470171,23,St Clair Ave W / Gunns Rd,False,1609.34
7566,Weston Rd / St. Clair Ave W,43.673019,-79.467994,19,Weston Rd / St Clair Ave W,False,1609.34
7567,Weston Lions Park,43.698841,-79.519472,27,Weston Lions Park,False,1609.34
7568,Jameson Ave / Queen St W,43.63985,-79.43703,27,Jameson Ave / Queen St W,False,1609.34
7569,Toronto Inukshuk Park,43.6323994,-79.4097818,47,Toronto Inukshuk Park,False,1609.34
7570,Carlaw Ave / Dundas St E,43.665076,-79.341509,17,Carlaw Ave / Dundas St E,False,1609.34
7571,Highfield Rd / Gerrard St E,43.671771,-79.324961,19,Highfield Rd / Gerrard St E,False,1609.34
7572,Cosburn Ave / Durant Ave,43.6935477,-79.3301658,15,Cosburn Ave / Durant Ave,False,1609.34
7575,Bayview Ave / Lawren Harris Square,43.6548521,-79.3539768,15,207 Eastern Avenue,False,1609.34
7576,Front St E / Bayview Avenue,43.6535,-79.354068,22,Front St E / Bayview Avenue,False,1609.34
7577,Oak St / Sumach St,43.6617908,-79.361515,27,Oak St / Sumach St,False,1609.34
7579,Glebe Rd W / Yonge St,43.7005976,-79.397345,19,Glebe Rd / Yonge St,False,1609.34
7580,Hillsdale Ave W / Yonge St,43.7029672,-79.3979073,15,Hillsdale Ave W / Yonge St,False,1609.34
7581,High Park Ave / Dundas St W,43.6653032,-79.4701178,15,345 High Park Ave,False,1609.34
7582,Alameda Ave / Vaughan Rd - SMART,43.690903,-79.4375028,16,Amaleda Ave / Vaughan Rd,False,1609.34
7583,Eglinton Ave W / Scarlett Rd,43.6834703,-79.5108942,23,Eglinton Ave W / Scarlett Rd,False,1609.34
7584,The Pond Rd / Sentinel Rd,43.7696262,-79.5025943,27,The Pond Rd / Sentinel Rd,False,1609.34
7587,Dufferin St / Finch Corridor Trail,43.7729939182155,-79.4676296224849,19,Dufferin St / Finch Hydro Recreational Trail,False,1609.34
7588,G Ross Lord Park,43.7781116,-79.467963,19,G Ross Lord Park,False,1609.34
7589,Torresdale Ave / Antibes Dr,43.77953,-79.45233,14,Torresdale Ave / Antibes Dr,False,1609.34
7590,Esther Shiner Stadium,43.7774374,-79.4447096,23,Ester Shiner Stadium,False,1609.34
7591,Elwood Blvd / Avenue Rd,43.707049,-79.40966,23,Elwood Blvd / Avenue Rd,False,1609.34
7593,Roehampton Ave / Bayview Ave,43.711751,-79.378615,27,Roehampton St / Bayview Ave,False,1609.34
7594,Fleming Cres / Bayview Ave,43.707045,-79.375437,15,Fleming Cres / Bayview Ave,False,1609.34
7595,Moore Park,43.693256,-79.383238,15,Moore Park,False,1609.34
7596,Langford Ave / Danforth Ave - SMART,43.6800218,-79.3405681,32,840 Danforth Ave,False,1609.34
7597,Yonge St / Golfdale Rd,43.732016,-79.403637,15,Yonge St / Golfdale Rd,False,1609.34
7598,Teddington Park Ave,43.732975,-79.40401,15,Teddington Park Ave,False,1609.34
7599,Richmond St W / York St,43.650745,-79.383633,17,Richmond St W / York St,False,1609.34
7600,Ursula Franklin St / Huron St - SMART,43.660274,-79.398049,20,Ursula Franklin St / Huron St,False,1609.34
7601,Brick Works,43.683884,-79.36647,24,Brick Works,False,1609.34
7602,Woodbine Ave / O'Connor Dr,43.699281,-79.318802,19,Woodbine Ave / O'Connor Dr,False,1609.34
7603,O'Connor Dr / Curity Ave,43.707582,-79.311439,14,O'Connor Dr / Curity Ave,False,1609.34
7604,St. Columba Pl / St. Clair Ave E,43.70567,-79.310554,19,St Columba Pl / St Clair Ave E,False,1609.34
7605,Lumsden Ave / Eastdale Ave,43.6941354819917,-79.3005871877529,20,Lumsden Ave / Eastdale Ave,False,1609.34
7606,Dawes Rd / Taylor Creek Trl,43.696631,-79.297436,19,Dawes Rd / Taylor Creek Trl,False,1609.34
7607,Fairmount Park,43.6765897,-79.3163022,19,Fairmount Park,False,1609.34
7608,Wilket Creek Park,43.720645,-79.355474,27,Wilket Creek Park,False,1609.34
7609,Sunnybrook Park,43.720233,-79.362092,27,Sunnybrook Park,False,1609.34
7610,Kingston Rd / Beech Ave,43.680095,-79.291714,15,Kingston Rd / Beech Ave,False,1609.34
7611,Victoria Park Ave / Danforth Ave,43.691468,-79.288619,19,Victoria Park Ave / Danforth Ave,False,1609.34
7612,Livingston Rd / Guildwood Pkwy,43.747854,-79.199327,19,Livingston Rd / Guildwood Pkwy,False,1609.34
7613,Livingston Rd (Highland Creek Trail),43.7561681,-79.2026694,19,Livingston Rd (Highland Creek Trail),False,1609.34
7614,Morningside Park (Highland Creek Trail),43.779353,-79.193023,23,Morningside Park (Highland Creek Trail),False,1609.34
7615,Colonel Danforth Park,43.7777114,-79.1659711,19,Colonel Danforth Park,False,1609.34
7616,Waterfront Trail (Rouge Hill),43.778015,-79.131911,19,Waterfront Trail (Rouge Hill),False,1609.34
7617,Starspray Blvd / Lawrence Ave E,43.7885252145541,-79.1231844760227,19,Starspray Ave / Lawrence Ave E,False,1609.34
7618,Vaughan Rd / Oakwood Ave,43.6926825,-79.441042,19,Vaughan Rd / Oakwood Ave,False,1609.34
7619,Braemar Ave / Eglinton Ave W,43.7041957,-79.4094472,15,Braemar Ave / Eglinton Ave W,False,1609.34
7620,Eglinton Ave E / Redpath Ave,43.7078691,-79.39248,31,Eglinton Ave E / Redpath Av,False,1609.34
7622,Marie Curtis Park,43.5880774,-79.5432067,23,Marie Curtis Park,False,1609.34
7623,Royal York Rd / Lake Shore Blvd W,43.6033846823096,-79.4931051246063,19,Royal York Rd / Lake Shore Blvd W,False,1609.34
7624,Guildwood GO Station (South),43.754978,-79.1971289,11,Guildwood GO Station (South),False,1609.34
7625,Yonge St / Lawrence Ave E,43.7254665,-79.4011545,23,24 Lawrence Ave East,False,1000.0
7626,Rouge Hill GO Station,43.7805505,-79.1301203,25,Rouge Hill GO Station,False,1609.34
7627,Shaw St / Essex St - SMART,43.667076,-79.425116,15,Shaw St / Essex St - SMART,False,1609.34
7629,Lundy Ave / Étienne Brûlé Park,43.6625395,-79.5030161,15,Lundy Ave / Etienne Brule Park,False,1609.34
7630,Twelfth St / Thirteenth St,43.6002896,-79.5108692,22,Twelfth St / Thirteenth St,False,1609.34
7631,Florence Gell Park,43.6619658232602,-79.4985106527786,15,Florence Gell Park,False,1609.34
7632,Chiltern Hill Rd / Eglinton Ave W,43.7004017,-79.4275305,17,Chiltern Hill Rd / Eglinton Ave W,False,1609.34
7633,Noble St / Queen St W,43.6422691740919,-79.4292097911501,15,1266 Queen St W,False,1609.34
7635,Runnymede Rd / Annette St,43.6596299,-79.4799176,15,Runnymede Rd / Annette St,False,1609.34
7636,Bloor St W / Riverside Dr,43.647663,-79.487583,23,2511 bloor st w,False,1609.34
7637,Judson St / Royal York Rd,43.6162721,-79.4990363,19,10 Judson St,False,1609.34
7639,135 Queens Wharf Rd - SMART,43.6399714,-79.399404,16,135 Queens Warf,False,1609.34
7640,Spadina Rd / St. Clair Ave W,43.683979,-79.410657,15,333 St.Clair Ave West,False,1609.34
7641,Annette St / Dundas St W,43.6641174,-79.4588522,15,2659 Dundas St W,False,1609.34
7642,Yonge St / St. Clair Ave,43.6885046,-79.3941607681229,19,1451 Yonge Street,False,1609.34
7643,Oriole Pkwy / Kilbarry Rd,43.6954486,-79.4026176,19,80 Oriole Parkway,False,1609.34
7644,East Lynn Ave / Danforth Ave,43.6850809,-79.3149901,15,108 East Lynn Avenue,False,1609.34
7645,University of Toronto Scarborough,43.7842419,-79.1849889,16,1295-1307 Military Trail,False,1609.34
7646,University Ave / Richmond St W,43.6498190344626,-79.3864127025162,14,200 University Avenue,False,1609.34
7647,Elm St/ University Ave (East Side),43.656373,-79.3878104,17,117 Elm Street,False,1609.34
7650,St. Clair West Subway Station - Heath St. W,43.686352,-79.415894,23,2 Heath Street West,False,1609.34
7654,Bloor St W / Pacific Ave,43.6541245,-79.4636388,7,3 Pacific Avenue,False,1609.34
7655,Danforth Ave / Dewhurst Blvd,43.680207,-79.339243,15,896 Danforth Avenue,False,1609.34
7656,Bloor St W / Brock Ave,43.6589882,-79.438715,11,Bloor St W / Brock Av,False,1609.34
7657,1 Market St,43.6469928,-79.3706665,20,1 Market St,True,1609.34
7658,King's Mill Park,43.649204068767,-79.4933633420141,27,2639 Bloor St W,False,1609.34
7659,Amroth Ave / Danforth Ave,43.6856128,-79.3116827,19,Amroth Ave / Danforth Ave,False,1609.34
7660,285 Victoria St,43.656633,-79.379625,39,285 Victoria St,False,1609.34
7662,Beaty Ave / Queen St W,43.6393107,-79.4408141,19,85 Beaty Avenue,False,1609.34
7663,Kilgour Rd / Rumsey Rd,43.718039,-79.371914,17,98 Glenvale Boulevard,False,1609.34
7664,Sunnybrook Health Centre - L Wing,43.72268,-79.37644,15,60 Raab Blvd,False,1609.34
7665,Sunnybrook Health Centre - S Wing,43.720998,-79.377456,11,Test,False,1609.34
7666,Dundas St W / St Helen's Ave - SMART,43.6504218,-79.4407647,26,505 College Street,False,1609.34
7667,Spadina Ave / Sussex Ave ,43.664028,-79.4029787,31,698 Spadina Avenue,False,1609.34
7668,Simcoe St / Dundas St W,43.655103,-79.389295,20,Simcoe St / Dundas St W,True,1609.34
7671,Yonge St / Montgomery Ave - SMART,43.709608595701,-79.3991512500562,12,25 Montgomery Ave,False,1609.34
7675,1525 Dundas St W,43.64957,-79.432446,15,1529 Dundas Street West,False,16093.4
7676,York University (Glendon Campus) - SMART,43.7273654882463,-79.3814254607724,16,"1 Chedington Pl, North York, ON M4N 3R4",False,16093.4
7677,1303 Yonge St - SMART,43.6846177,-79.3924592,15,1303 YONGE Street,False,16093.4
7678,York University Station (South) - SMART,43.77345,-79.5002,16,York University Station - SMART,False,16093.4
7679,York University Station (North),43.7741,-79.5005,15,York University Station,False,100.0
7680,Princes' Blvd / Nunavut Rd,43.6333523484014,-79.4143631307301,19,PRINCES' BLVD / NOVA SCOTIA AVE,False,1609.34
7681,25 Booth Ave,43.6544839,-79.341057,24,25 BOOTH AVE,True,1609.34
7682,Bathurst St / Front St W,43.6413479,-79.4013882,35,Bathurst St / Front St W,False,3218.68
7684,Bay St / Harbour St ,43.64215,-79.377,23,Bay St / Harbour St (East),False,1609.34
7685,King St W / Brant St,43.645102,-79.3974498,23,522 King Street West,False,1000.0
7687,Bloor St W / Gladstone Ave - SMART,43.6602021,-79.4342726,12,"1101 Bloor Street West, Toronto",False,1000.0
7688,High Park Blvd / Parkside Dr,43.6445643194223,-79.4573705897228,15,200 Parkside Drive,False,1000.0
7691,Christie St / Dupont St,43.67168,-79.421192,19,Christie St / Dupont St,False,1000.0
7692,85 Lee Ave,43.6700692,-79.2971326,26,85 Lee Ave,True,50.0
7693,Mutual St / Shuter St,43.6549196775549,-79.374960865926,23,77 Mutual Street ,False,1000.0
7694,Victoria Park Ave / Dawes Rd,43.706466,-79.29511,19,Victoria Park Ave / Dawes Rd,False,1000.0
7695,Queen St E / Joseph Duggan Rd,43.6677628,-79.3081171,19,Queen St E and Joseph Duggan Rd,False,1000.0
7696,Heyworth Cres / Kingston Rd,43.6750806,-79.3068697,19,Heyworth Cres / Kingston Rd ,False,1000.0
7698,St. Clair Ave W / Caledonia Rd,43.6756664338495,-79.453930933004,13,St Clair Ave W / Caledonia Rd,False,1000.0
7699,St Clair Ave W / Oakwood Ave,43.678177,-79.435364,15,St Clair Ave W / Oakwood Ave,False,1000.0
7700,St. Clair Ave W / Robina Ave,43.68005,-79.43469,15,St Clair Ave W / Robina Ave,False,1000.0
7701,Roncesvalles Ave / Fermanagh Ave,43.6463144692452,-79.4487940701453,19,Roncesvalles Ave / Fermanagh Ave,False,1000.0
7702,111 Broadview Ave,43.6593483,-79.3499366,18,111 Broadview Ave,True,1000.0
7703,Oak St / Sackville St,43.6613642,-79.3641171,19,274 Oak St,False,100.0
7704,24 Mountjoy Ave,43.6804935028988,-79.3304455272138,19,24 Mountjoy Ave,False,1000.0
7705,Colgate Ave / Carlaw Ave,43.6623658,-79.3413344,19,88 Colgate Ave,False,1000.0
7706,Felstead Ave/Gillard Ave (Monarch Park),43.6791345,-79.3263159,27,Felstead Ave / Gillard Ave (Monarch Park),False,1000.0
7707,Coronation Park (Martin Goodman Trail),43.635007,-79.403341,19,7972 Remembrance Drive,False,350.0
7708,101 Cedarvale Ave,43.6868681,-79.3110942,28,101 cedarvale Ave,True,50.0
7709,Beltline Trail / Yonge St,43.6962302,-79.3950434,23,5 Merton Street,False,350.0
7710,11 Spadina Rd,43.6677246,-79.4041365,18,11 SPADINA RD,True,350.0
7711,Havelock St / Dewson St,43.6554793,-79.4302462,15,71 Havelock Street,False,350.0
7712,Queen St W / Shaw St,43.6442457,-79.4161044,23,999 Queen Street West,False,350.0
7715,Lumsden Ave / Cedarvale Ave,43.693187,-79.314283,11,324 Cedarvale Avenue,False,350.0
7716,Church St / The Esplanade,43.6469251,-79.3733192,19,75 The Esplanade,False,350.0
7717,Niagara St / Portland St,43.6424534313928,-79.3995900434478,11,18 Portland Street,False,350.0
7718,St. Andrew's Playground Park,43.646552,-79.399586,10,8 Maud Street,False,350.0
7719,Wolseley St / Augusta Ave,43.6484201,-79.4005192,28,15 Denison Ave,False,350.0
7720,King St W / Portland St - SMART,43.644395,-79.4006543,32,620 King Street West,False,350.0
7721,Widmer St / King St W,43.6463574,-79.391206,11,360 King Street West,False,350.0
7724,Wellesley St E / Parliament St,43.6682342,-79.3702641,15,280 Wellesley Street East,False,350.0
7728,Randolph Ave / Perth Ave,43.6585504,-79.4497659,19,152 Perth Avenue,False,350.0
7729,265 Armadale Ave,43.6501644,-79.4829691,44,265 Armadale Ave,True,1000.0
7730,800 Fleet St (South),43.6367098521271,-79.4088051779099,43,800 Fleet Street,True,350.0
7731,Victoria Park Ave / Kingston Rd,43.68035,-79.28357,15,1085 Kingston Rd,False,400.0
7732,Kingston Rd / Warden Ave,43.6882413593181,-79.2704662803324,15,Kingston Rd / Warden Ave,False,1000.0
7733,Pharmacy Ave / Danforth Ave,43.6929478,-79.2833998,15,Pharmacy Ave / Danforth Ave,False,1000.0
7734,Danforth Ave / Warden Ave,43.6950192,-79.2718066,15,Danforth Ave / Warden Ave,False,1000.0
7735,Birchcliff Ave / Kingston Rd,43.691688,-79.265027,15,Birchcliff Ave / Kingston Rd,False,1000.0
7736,Birchmount Rd / Kingston Rd,43.6940129779426,-79.2625720454814,15,Birchmount Rd / Kingston Rd,False,1000.0
7737,Kingston Rd / Glen Everest Rd,43.697490048103,-79.2565514646278,15,5 Glen Everest Rd (Rosetta McClain Gardens),False,1000.0
7738,Highview Ave / Kennedy Rd,43.7024185814635,-79.2563167072858,15,150 Highview Avenue,False,1000.0
7739,Kingston Rd / Ridgemoor Ave,43.7064361425743,-79.2510444335329,15,2301 Kingston Rd,False,1000.0
7740,Sharpe St / Park St (Sandown Park),43.7105975,-79.2541175,15,50 Natal St,False,1000.0
7741,Howard Park Ave / Parkside Dr,43.648657,-79.458111,15,119 Constance Street,False,350.0
7742,Eglinton Ave W / Prospect Cemetery,43.69415,-79.4578258,19,2067 EglintonAve W,False,1000.0
7743,Eglinton Ave W / Gilbert Ave,43.6925471668997,-79.4633275927292,19,2343 Eglinton Ave W,False,1000.0
7744,Rogers Rd / Prospect Cemetery,43.68323,-79.455765,23,200 Rogers Rd,False,1000.0
7745,Bert Robinson Park,43.688028,-79.460265,15,BERT ROBINSON PARK,False,1000.0
7746,Marlee Ave / York Beltline Trail,43.70163,-79.44099,19,120 Marlee Ave,False,1000.0
7747,Eglinton Ave W / Ennerdale Rd,43.6950323486098,-79.4530297103119,15,1963 Eglinton Ave W,False,1000.0
7748,Bloor St W / Old Mill Trl,43.6501687,-79.4963345,19,2682 Bloor St W,False,1000.0
7749,Wendover Rd / Bloor St W (Green P),43.6492,-79.50602,15,342 Prince Edward Dr N,False,1000.0
7750,Luttrell Ave / Danforth Ave,43.6897656,-79.2939525,15,Luttrell Ave / Danforth Ave,False,1000.0
7751,Willingdon Blvd / Bloor St W (Green P),43.64817,-79.510392,15,9 Willingdon Blvd,False,1000.0
7752,1926 Lake Shore Blvd W,43.6357643,-79.4674917,23,1926 Lake Shore Blvd W,False,1000.0
7753,36 Park Lawn Rd,43.6236917,-79.4838132,15,36A Park Lawn Road,False,350.0
7754,Walter Saunders Park,43.6993270725894,-79.4493630391668,14,481 Locksley Avenue,False,350.0
7755,Park Lawn Rd / Berry Rd,43.6360523813425,-79.4932523876969,15,316 Park Lawn Road,False,350.0
7757,The Well,43.6430250551659,-79.3943013776132,19,The Well,True,350.0
7759,The Pond Rd / Shoreham Dr,43.772445,-79.511912,15,1804 Ian Macdonald Boulevard,False,350.0
7760,Grand Avenue Park,43.623708,-79.490054,23,45 Grand Avenue,False,350.0
7761,Moss Park,43.655972,-79.370638,15,152 Shuter Street,False,350.0
7762,College St / Henry St ,43.6591529,-79.3947953,13,184 College St,False,350.0
7765,St. John's Rd / Dundas St W,43.6652676160587,-79.4750212288708,15,St. John's Rd / Dundas St W,False,400.0
7766,Albany Ave / Bloor St W,43.665541444218,-79.4101031760574,15,496 Bloor St W,False,300.0
7767,Pioneer Village Subway Station,43.7764901626558,-79.5085364909097,11,Pioneer Village Subway Station,False,1000.0
7768,Armoury St / Chestnut St,43.6535179969088,-79.3859106379593,14,361 University Ave,False,200.0
7769,Lake Shore Blvd W / Brow Dr,43.5914100034525,-79.544181903441,15,Lake Shore Blvd W / Brow Dr,False,350.0
7770,Spadina Ave / Sullivan St,43.6508278555267,-79.396980998217,23,215 Spadina Ave,False,300.0
7771,St. Clair Ave W / Osler St,43.6739269797493,-79.460684790213,11,St. Clair Ave W / Osler St,False,350.0
7772,Simcoe St / King St W,43.6475083513062,-79.3860443655576,15,Simcoe St / King St W,False,350.0
7773,Grenoble Dr / Gateway Blvd,43.7151321109808,-79.3341362332047,14,5 Grenoble Dr,False,500.0
7775,Grenoble Dr / Vendome Pl,43.7155379989674,-79.3281142766344,11,75 Grenoble Dr,False,500.0
7776,Ferrand Dr / Rochefort Dr,43.7196325352378,-79.3319995086678,19,250 Ferrand Dr,False,500.0
7777,Thorncliffe Park Dr / Leaside Park Trail,43.7040040529784,-79.3480701507874,15,12 Thorncliffe Park Dr,False,498.0
7778,75 Thorncliffe Park Dr,43.7051832827943,-79.3422472996295,11,75 Thorncliffe Park Dr,False,500.0
7779,165 McRae Dr,43.7058745466251,-79.3680059560285,15,165 McRae Dr,False,500.0
7780,Mount Pleasant Rd / Davisville Ave - SMART,43.7008822568697,-79.3873601666591,16,220 Davisville Ave (June Rowlands Park),False,500.0
7781,St. Clair Ave W / Avenue Rd ,43.6868893802823,-79.4009951314745,15,525 Avenue Rd (Amsterdam Square),False,500.0
7782,Downsview Park Subway Station - SMART,43.753107,-79.479626,20,25 Vitti St,False,500.0
7783,60 Carl Hall Rd - SMART,43.7479639342367,-79.4752121735413,20,60 Carl Hall Rd,False,950.0
7784,Downsview Park Blvd / Keele St  - SMART,43.7367382926211,-79.4822719556809,20,60 George Butchart Dr,False,500.0
7785,Keele St / Dovehouse Ave - SMART,43.7494501,-79.4869662,16,2 John Drury Dr,False,500.0
7787,HTO Park West,43.6373714593192,-79.3897695870331,31,375 Queens Quay West,False,200.0
7788,Queens Quay E / Lower Jarvis St ,43.6439276736633,-79.3687301736982,23,Queens Quay E / Lower Jarvis St ,False,100.0
7789,75 Holly St,43.7063279,-79.3962499,23,75 Holly St - Green P,True,500.0
7790,Lynn Williams St / Pirandello St ,43.639124514797,-79.4142316672161,17,Lynn William St / Pirandello St ,False,200.0
7791,Ossington Ave / Bruce St,43.6457023670517,-79.419331920537,15,Ossington Ave / Bruce St,False,350.0
7792,Gladstone Ave / Queen St W,43.643141393374,-79.4272801594551,15,8 Gladstone Ave,False,50.0
7794,York St / Harbour St (Love Park),43.6410166305332,-79.3803590375038,16,York St / Harbour St (Love Park),False,350.0
7796,Dundas St E / River St,43.661152,-79.358505,19,Dundas St E / River St,False,1000.0
7798,Shuter St/River St,43.659296,-79.358035,15,Shuter St / River St,False,100.0
7799,Danforth Ave / Danforth Rd,43.6936220678415,-79.2771052969589,15,Danforth Ave / Danforth Rd,False,500.0
7800,Brimley Rd / McCowan District Park,43.7270408636675,-79.2439140244675,19,Brimley Rd / McCowan District Park,False,1000.0
7801,Parkcrest Dr / Kingston Rd,43.7359671922425,-79.2199522148193,15,39-45 Parkcrest Dr,False,1000.0
7802,King St W / Jameson Ave - SMART,43.637357958881,-79.4361797588608,12,1430 King St W,False,350.0
7803,Scarborough Soccer Centre,43.7154661,-79.2876595,19,"45 Fairfax Crescent, Toronto, ON, M1L 1Z6",False,300.0
7804,Lansdowne Ave / Seaforth Ave ,43.6429043959567,-79.4374605944775,12,75 Lansdowne Ave,False,350.0
7805,Pharmacy Ave / Teesdale Pl,43.6973560808749,-79.285287110197,19,125 Pharmacy Ave,False,500.0
7806,Danforth Rd / Birchmount Rd ,43.70688,-79.26851,15,438 Danforth Rd,False,500.0
7807,552 Birchmount Rd,43.711762788596,-79.2702815288969,15,552 Birchmount Rs,False,350.0
7808,Eastgate Cres / Pharmacy Ave ,43.7110442448186,-79.2912731384558,14,Eastgate Ct / Pharmacy Ave ,False,350.0
7809,Firvalley Ct / Warden Ave,43.7032112,-79.2787149,19,Firvalley Ct / Warden Ave,False,350.0
7810,Avenue Rd / Cumberland St ,43.6698216950594,-79.3944461460327,15,13 Avenue Rd,False,100.0
7811,Midland Ave / Kingston Rd,43.7128578,-79.2487086,19,425 Midland Ave,False,350.0
7812,Bellamy Rd S / Kingston Rd,43.7323277855009,-79.2249661987693,19,10 Bellamy Rd S,False,35.0
7813,Yonge St / Merton St ,43.6962750705313,-79.3962939619187,23,1835 Yonge St. ,False,100.0
7814,Fenwood Ht / Kingston Rd,43.7269016982168,-79.2292039658266,15,Fenwood Ht / Kingston Rd,False,350.0
7815,Avenue Rd / Macpherson Ave ,43.6779437600995,-79.3983627858789,15,Avenue Rd / Macpherson Ave ,False,500.0
7816,Bay St / Dundas St W,43.6553507784571,-79.383459667598,55,Bay St / Dundas St W,False,200.0
7817,Shaw St / King St W,43.6412561641921,-79.4150299404755,15,Shaw St / King St W,False,350.0
7818,Soudan Ave / Yonge St ,43.7043096,-79.3972815,19,3 Soudan Ave,False,350.0
7819,Avenue Rd / Oxton Ave ,43.6971116030523,-79.4053729822784,15,755 Avenue Rd,False,350.0
7820,1612 Danforth Ave ,43.6837078806533,-79.3226245363388,15,1612 Danforth Ave ,True,350.0
7821,Lisgar St / Queen St W - SMART,43.6429917416414,-79.4235591156325,20,1117 Queen St W ,False,100.0
7822,Leslie St / Commissioners St  ,43.6572754973901,-79.3266154419418,19,Leslie St / Commissioners St  ,False,300.0
7824,Warden Subway Station,43.711610980233,-79.2805556566223,19,701 Warden Ave,False,350.0
7825,Kingston Rd / Scarborough Golf Club Rd,43.7453110370026,-79.2097065078782,14,Kingston Rd / Scarborough Golf Club Rd,False,500.0
7826,Greenwood Ave / Gerrard St E,43.670369178032,-79.3278269864509,15,Greenwood Ave / Gerrard St E,False,350.0
7827,Chatham Ave / Byron Ave,43.6798678328407,-79.334246138623,15,163 Chatham Ave,False,500.0
7828,Wakunda Pl / O'Connor Dr,43.7160202437718,-79.3047092517501,11,Wakunda Pl / O'Connor Dr,False,500.0
7829,Tiago Ave / Westview Blvd,43.711016215527,-79.3067574389162,15,14 Tiago Ave,False,500.0
7830,Plaxton Dr / St. Clair Ave E,43.7075175596195,-79.3025206631394,15,Plaxton Dr / St Clair Ave E,False,500.0
7831,Victoria Park Ave / Edge Park Ave,43.7176786795349,-79.2996158031448,19,Victoria Park Ave / Edge Park Ave,False,500.0
7832,Finch Subway Station ,43.781877158753,-79.4152850287493,19,Finch Subway Station ,False,500.0
7833,Glencairn Subway Station,43.7092576381086,-79.4416910503666,15,Glencairn TTC Subway Station (Glencairn Ave / Hilmount Ave),False,500.0
7834,Glen Long Community Centre,43.7082099264378,-79.4562780871719,15,35 Glen Long Ave,False,500.0
7835,Caledonia Rd / Lotherton Pathway,43.7075643668565,-79.4657147496681,19,215 Lotherton Pathway,False,500.0
7836,Harvie Ave / Rogers Rd,43.684020311357,-79.4529788533035,19,200 Rogers Rd,False,530.0
7837,Ling Rd / Morningside Ave,43.7666638178887,-79.1852176534424,19,217 Morningside Rd,False,500.0
7838,Lake Shore Blvd W / Legion Rd,43.6205263076322,-79.48320224238,19,2225 Lake Shore Blvd W,False,350.0
7839,Lake Shore Blvd W / Seventeenth St,43.598419260319,-79.5156110239426,11,3140 Lake Shore Blvd W,False,350.0
7840,Mabelle Park,43.6453894793256,-79.5276822170925,15,38 Mabelle Ave,False,350.0
7841,Islington Subway Station (Aberfoyle Cres),43.6456585915462,-79.5233993895493,15,1243 Islington Ave ,False,350.0
7842,Lake Shore Blvd W / Long Branch Ave,43.5944583319628,-79.5338739085983,11,3560 Lake Shore Blvd W,False,350.0
7843,Uno Dr / The Queensway,43.6264932999219,-79.5035816764154,15,748 The Queensway,False,350.0
7844,Second St / Lake Shore Blvd W,43.601914881185,-79.4994188865429,15,,False,350.0
7845,Sixth St / Lake Shore Blvd W,43.6011622910983,-79.5041604662705,15,131 Sixth St,False,350.0
7846,Bloor St W / Dundas St W (2),43.6428524464432,-79.5319948920654,15,3710 Bloor St W,False,100.0
7848,Gerrard St E / Nasmith Ave ,43.6627361877986,-79.3625310074097,23,Gerrard St E / Gifford St,False,350.0
7849,Viewmount Park,43.707355726541,-79.4372307220901,15,169 Viewmount Ave,False,350.0
7850,Maud St / Adelaide St W - SMART,43.6460145694434,-79.3996049772635,16,Maud St / Adelaide St W,False,100.0
7851,Keele St / Ingram Dr,43.6987069496669,-79.4756586460327,15,2221 Keele St ,False,350.0
7852,York Recreation Centre,43.6881530792451,-79.4821978994057,23,115 Black Creek Dr,False,350.0
7853,Trethewey Dr / Black Creek Dr,43.6954984002798,-79.4880939448267,15,500 Black Creek Dr,False,350.0
7854,Jane St / Haney Ave,43.6743457123134,-79.4948437786083,19,797 Jane St,False,350.0
7855,Scarlett Rd / Eileen Ave,43.6685109065054,-79.5007648392868,15,75 Scarlett Rd ,False,350.0
7856,Scarlett Rd / Old Scarlett Rd ,43.6782763066366,-79.506673324012,14,287 Scarlett Rd,False,350.0
7857,Eglinton Ave W / Venn Cres,43.6914392068112,-79.4690863479546,18,2485 Eglinton Ave W,False,350.0
7858,Rogers Rd / Bicknell Ave,43.6818952621549,-79.4736382392868,23,605 Rogers Rd,False,350.0
7859,Mallaby Park ,43.7061910923971,-79.5326279558197,15,2394 Weston Rd,False,350.0
7860,Cruickshank Park,43.7023860650084,-79.5259475832415,15,2196 Weston Rd,False,350.0
7861,Emmett Ave,43.6873551409644,-79.5062331380634,19,100 Emmett Ave,False,350.0
7862,Jane St / Weston Rd,43.691444644143,-79.5015458386925,15,1390 Weston Rd,False,350.0
7863,Jane St / Queens Dr,43.706738049623,-79.5047754380287,15,Jane St / John St,False,350.0
7864,Sussex Ave / St George St,43.6653042789654,-79.3993826380287,15,140 St George St,False,300.0
7865,2700 Eglinton Ave W,43.6907460063715,-79.4782014334433,43,2700 Eglinton Ave W,True,500.0
7866,697 Lansdowne Ave ,43.6592218437356,-79.4427741024468,23,697 Lansdowne Ave ,True,348.0
7867,15 Price St ,43.6799477790745,-79.3899481368401,15,15 Price St ,True,300.0
7868,Sheppard Ave W / Chesswood Dr,43.7555839711229,-79.4744603268448,19,3710  Chesswood Dr,False,350.0
7870,Humber River Hospital ,43.7253788418368,-79.487196742189,15,Humber River Hospital ,False,350.0
7871,Jane St / Lawrence Ave W,43.702340220598,-79.5034738951412,14,Jane St / Lawrence Ave W,False,350.0
7872,Keele St / Catford Rd,43.75919330633,-79.4900104685089,15,Keele St / Catford Rd,False,350.0
7874,The Pond Rd / Ian Macdonald Blvd,43.7708672902877,-79.4981299066071,15,85 The Pond Rd ,False,350.0
7875,Oakdale Community Centre,43.7475149603877,-79.5132569853195,15,350 Grandravine Dr,False,350.0
7877,Jane St / Yorkwoods Gt,43.7503016975738,-79.5157755743439,15,2801 Jane St,False,350.0
7878,Weston Rd / Sheppard Ave W,43.7326284941509,-79.5381993243286,15,3100 Weston Rd,False,350.0
7880,Lindylou Rd / Lanyard Rd,43.7484542140731,-79.5504039969242,15,137 Lindylou Rd ,False,350.0
7881,Queens Quay E / Merchants' Wharf,43.6464302633314,-79.3618163165329,27,265 Queens Quay E,False,200.0
7883,Wynford Heights Cres / Concorde Pl,43.7274977825974,-79.3271422220902,11,48 Wynford Heights Cres,False,350.0
7884,Bartley Park ,43.7221116643646,-79.3086483091927,15,112 Bartley Dr,False,350.0
7885,Brooklawn Ave / Kingston Rd,43.7217614006912,-79.2359137196434,11,2853 Kingston Rd,False,350.0
7887,800 Fleet St (North),43.6368285615459,-79.4088416036701,43,800 Fleet St (@CP 271 - Ward 10) ,True,200.0
7888,The Kingsway / Ashley Rd,43.6627959447884,-79.5195982797623,15,289 The kingsway,False,350.0
7889,Dundas St W / Prince Edward Dr N,43.6603242687655,-79.5115435042297,19,4208 Dundas St W,False,300.0
7890,60 Broadway Ave,43.710244295996,-79.3957874460327,23,60 Broadway Ave,False,300.0
7891,Opposite 1103 Leslie St,43.7209316459888,-79.3498941635071,19,Opposite 1103 Leslie St,False,300.0
7893,Overlea Blvd / Thorncliffe Park Dr,43.7075559685955,-79.3427202447746,19,65 Overlea Blvd,False,300.0
7894,Millwood Rd / Southvale Dr,43.7024171721528,-79.361759329361,15,955 Millwood Rd,False,300.0
7895,Keele St / Lloyd Ave,43.6711553264258,-79.4670159775693,15,590 Keele St,False,300.0
7896,Arlington Parkette,43.6910500519706,-79.4328174649429,15,460 Arlington Ave,False,300.0
7897,50 Overlea Blvd,43.707225,-79.345324,15,50 Overlea Blvd,False,300.0
7898,University Ave / Gerrard St W - SMART(South),43.6574815328641,-79.3892139601883,16,545 University Ave ,False,100.0
7899,Queens Park Cres / College St ,43.6601812763687,-79.3908327152054,23,144 College St ,False,200.0
7900,Simcoe St / Elm St,43.6560388417145,-79.389703877385,11,Simcoe St / Elm St,False,100.0
7901,Bloor St W / Kingsmill Rd,43.6492789013174,-79.5031299558197,11,2836 Bloor St W,False,300.0
7902,Gunns Rd / Lavender Creek Trail,43.6755319731684,-79.4719974006637,15,Gunns Rd / Lavender Creek Trail,False,300.0
7903,St. Clair Ave W / Symes Rd,43.6700421344167,-79.4789424818056,15,2236 St Clair Ave W,False,300.0
7904,Palmerston Blvd / Lennox St,43.6633507099589,-79.4131279831613,11,523 Palmerston Blvd,False,300.0
7906,Princess St / Front St E,43.650297574961,-79.3664846034164,14,201/207 Princess St,False,300.0
7907,365 Lippincott St,43.6649482,-79.40947,41,365 lippincott St,True,300.0
7909,E.T Seton Park - South ,43.7050346185714,-79.3354729203766,23,E.T Seton Park - South ,False,300.0
7910,Eglinton Ave E / Brentcliffe Rd,43.7143057930175,-79.3608904504013,15,939 Eglinton Ave E,False,300.0
7911,King St W / York St (2),43.647968822765,-79.3831696135265,19,59 King St W,False,1.0
7912,Joe Shuster Way / King St W ,43.64039672322,-79.4237424131447,19,30 Joe Shuster Way,False,100.0
7913,St. George St / Willcocks St,43.6624527444956,-79.3978384219513,35,St George St / Willcocks St,False,100.0
7914,York St / Wellington St W (2),43.647043061824,-79.3831412068154,27,100 Wellington St W ,False,5.0
7915,Rogers Rd / Watt Ave,43.6823368,-79.4680594,15,500 Rogers Rd,False,300.0
7916,University Ave / Pearl St ,43.6483680938524,-79.3853510232788,19,University Ave / Pearl St ,False,100.0
7917,King St W / University Ave,43.6478180854092,-79.3842799907379,37,150 King St W,False,50.0
7918,Albion Rd/ Arcot Blvd,43.7276217093164,-79.5525490293929,15,Albion Rd/ Arcot Blvd (Summerlea Park),False,500.0
7919,Armel Ct / Albion Rd,43.7215329668732,-79.5455834809678,19,Armel Ct / Albion Rd,False,300.0
7920,75 Tandridge Cres,43.7295782735861,-79.5469979387272,15,75 Tandridge Cres,False,300.0
7922,35 Erindale Ave,43.67729,-79.35741,23,35 Erindale Ave,True,100.0
7923,Trethewey Dr / Jane St,43.6974170705586,-79.5007983091232,19,725 Trethewey Dr ,False,500.0
7924,Duncan St / Adelaide St W - SMART,43.6481305756973,-79.388581061377,12,19 Duncan St ,False,350.0
7925,Niagara St / King St W - SMART,43.6428132340837,-79.4075141558892,23,801 King St W ,False,350.0
7926,McRae Dr / Laird Dr - SMART,43.709792968226,-79.3638921446049,24,McRae Dr / Laird Dr,False,300.0
7927,Strachan Ave / East Liberty St - SMART,43.6390647023699,-79.4108099616446,24,Strachan Ave / East Liberty St,False,100.0
7928,Simcoe St / Pullan Pl,43.6510529041254,-79.3876494322787,47,Simcoe St / Pullan Pl,False,100.0
7929,Spadina Ave / Bulwer St- SMART ,43.6493544752738,-79.3967571333286,12,Spadina Ave / Bulwer St- SMART ,False,100.0
7930,Dunn Ave / Queen St W,43.6395227542118,-79.4339597681573,15,240 Dunn Ave,False,300.0
7931,Symes Rd / Glen Scarlett Rd - SMART,43.6733915249315,-79.4779836781457,15,Symes Rd / Glen Scarlett Rd,False,300.0
7932,Boston Ave / Queen St E- SMART,43.6616016509643,-79.3389458285727,12,Boston Ave / Queen St E- SMART,False,300.0
7933,Elizabeth St / Elm St,43.6570908165693,-79.3859366883427,23,Elizabeth St/ Elm St,False,200.0
7934,19 Glendora Ave,43.7592114383339,-79.409603648017,11,19 Glendora Ave,True,300.0
7935,Ramsden Park,43.6761845613028,-79.3896249640015,15,Ramsden Park,False,300.0
7936,Adelaide St W / Bay St (South),43.650116375938,-79.3795306886033,15,Adelaide St W / Bay St ( South ),False,100.0
7937,Adelaide St W / Yonge St,43.6503800232566,-79.3787277120385,19,Adelaide St W / Yonge St,False,100.0
7938,Portland St / Wellington St W,43.6429016715293,-79.3993703313433,15,Portland St / Wellington St W,False,100.0
7939,Princes' Gates,43.6346732367601,-79.4089732188665,17,Princes' Gates,False,50.0
7940,Lillian St / Soudan Ave - SMART,43.7060728724846,-79.3935616165329,32,44 Lillian St ,False,100.0
7941,Hanna Ave / Snooker St,43.639547,-79.420022,2,40 Hanna Ave,False,100.0
7942,Hillsdale Ave E / Mount Pleasant Rd,43.705121266154,-79.3890271081274,15,Hillsdale Ave E / Mount Pleasant Rd,False,300.0
7943,OCAD University,43.6523155230479,-79.3909118500024,23,OCAD  University (Grange Rd / McCaul St),False,100.0
7944,Harbord St / Grace St (Bickford Park),43.6599536351805,-79.4178738888855,23,Harbord St / Grace St (Bickford Park),False,200.0
7945,Front St W / Spadina Ave,43.6423548034036,-79.3951975187714,31,486 Front St W ,False,100.0
7946,Richmond St W / Bathurst St,43.6466674842523,-79.4029959134918,15,612 Richmond St W ,False,200.0
7947,Niagara St / Queen St W ,43.6457286846685,-79.4099068018177,11,839 Queen St W ,False,50.0
7948,Bathurst St / Housey St,43.6378190396121,-79.4001317675286,23,Bathurst St / Housey St,False,100.0
7950,Crawford St / Lobb Ave,43.6465494140102,-79.41558900318,23,Crawford St / Lobb Ave,False,100.0
7951,Fort York Blvd / Grand Magazine St,43.6375878290447,-79.4031423220902,19,Fort York Blvd / Grand Magazine St,False,100.0
7952,Adelaide St W / York St ,43.6491919790139,-79.3836323742745,19,Adelaide St W / York St ,False,100.0
7953,Church St / Shuter St,43.65505698169,-79.3765102460327,14, Church St / Shuter St,False,100.0
7954,Adelaide St E / Parliament St,43.6537833743251,-79.3633597337295,23,113 Parliament St,False,150.0
7955,Wellesley St E / Jarvis St,43.6662047,-79.3790122,23,Wellesley St E / Jarvis St,False,100.0
7956,Benshire Dr / The Meadoway,43.761740920195,-79.2447396141556,11,Benshire Dr / The Meadoway,False,3400.0
7957,Brimley Rd / Lawrence Ave E ,43.754048543993,-79.2553167552948,39,925 Brimley Rd,False,400.0
7958,Centennial College (Ashtonbee Campus),43.7300360184561,-79.2920036521843,19,75 Ashtonbee Rd,False,500.0
7959,Bellamy Rd N / The Meadoway,43.7650727181818,-79.2383538161468,15,645 Bellamy Rd N,False,200.0
7960,Markham Rd / The Meadoway ,43.7712189487363,-79.2295652698364,19,960 Markham Rd,False,200.0
7961,Ellesmere Rd / Markham Rd,43.7768293875108,-79.2305003612381,15,2180 Ellesmere Rd,False,200.0
7962,Slan Ave / Scarborough Golf Club Rd,43.7732726171126,-79.2197148527786,15,Slan Ave / Scarborough Golf Club Rd,False,200.0
7963,Cedar Dr / Eglinton Ave E,43.7442082021558,-79.2156463661316,11,Cedar Dr / Eglinton Ave E,False,300.0
7964,Kennedy Rd/Ranstone Gdns (Jack Goodlad Park),43.7419057094063,-79.2718188764046,15,Kennedy Rd / Ranstone Gardens ,False,2000.0
7965,Eglinton Ave E / Brimley Rd,43.7369525729339,-79.2479836724915,19,Eglinton Ave E / Brimley Rd,False,1100.0
7966,Albany Ave / Dupont St,43.6734889997723,-79.4133952055573,15,Albany Ave / Dupont St,False,150.0
7967,Gordonridge Pl / Danforth Rd,43.7272907729026,-79.2523790719665,15,Gordonridge Pl / Danforth Rd,False,1600.0
7968,McCowan Rd / Trudelle St,43.7403390157521,-79.2393531962952,19,McCowan Rd / Trudelle St,False,1000.0
7969,Bayview Ave / Finch Recreational Trail,43.7890686986395,-79.3931509600494,19,Bayview Ave / Finch Recreational Trail,False,2000.0
7970,Willowdale Ave / Bishop Ave ,43.7838725246725,-79.4078680981476,19,Willowdale Ave / Bishop Ave ,False,300.0
7971,Talbot Rd / Finch Hydro Corridor,43.7822529811063,-79.4236706283112,15,Talbot Rd / Finch Hydro Corridor,False,300.0
7972,Eglinton Ave E / Mason Rd ,43.7420374405226,-79.2248868008026,11,Eglinton Ave E / Mason Rd ,False,400.0
7973,Lawrence Ave E / Don Mills Trail,43.7345818591229,-79.3548539927292,19,Lawrence Ave E / Don Mills Trail,False,300.0
7974,Kempford Blvd / Yonge St,43.7768572350998,-79.4151161430729,19,Kempford Blvd / Yonge St,False,100.0
7975,Empress Ave / Yonge St,43.7693954566255,-79.4126652176971,19,2 Empress Ave,False,300.0
7976,Yonge St / Sheppard Ave E,43.761286057775,-79.4107164420527,19,Yonge St / Sheppard Ave E (south side),False,300.0
7977,Leslie Subway Station,43.7703789237079,-79.3670273419568,15,Leslie Subway Station,False,300.0
7978,Yonge St / North York Blvd,43.7672658993493,-79.4126348981476,23,Yonge St / North York Blvd,False,250.0
7979,Bond Ave / Don Mills Trail,43.7447583425304,-79.3534806994057,19,Bond Ave / Don Mills Trail,False,400.0
7981,Duncan Mill Rd / Valleybrook Dr,43.7616712534246,-79.3525830269836,15,Duncan Mill Rd / Valleybrook Dr,False,300.0
7982,Finch Ave W / Wilmington Ave,43.7706024442805,-79.4599758917877,19,Finch Ave W / Wilmington Ave,False,400.0
7983,York Mills Rd / Lesmill Rd,43.7549215557014,-79.3517483846558,14,York Mills Rd / Lesmill Rd,False,500.0
7984,Lake Shore Blvd W / Bathurst St,43.6367559225687,-79.3992053895493,23,Lakeshore Blvd W / Bathurst St,False,200.0
7985,Hawksbury Dr / Sheppard Ave E ,43.7681623944478,-79.38312075159,15,Hawksbury Dr / Sheppard Ave E ,False,400.0
7986,Sheppard Ave E / Leslie St,43.771148300319,-79.3638116645569,19,Sheppard Ave E / Leslie St,False,400.0
7987,Shaughnessy Blvd / Sheppard Ave E,43.7735146269402,-79.3530622411392,15,Shaughnessy Blvd / Sheppard Ave E,False,400.0
7988,Brahms Ave / Finch Ave E,43.7923632644299,-79.3583631802872,19,Brahms Ave / Finch Ave E,False,400.0
7989,Don Mills Rd / Fairview Mall Dr,43.7788855079041,-79.3483716976227,15,Don Mills Rd / Fairview Mall Dr,False,400.0
7990,Don Mills Rd / Goodview Rd,43.7853464744797,-79.3536292103119,15,Don Mills Rd / Goodview Rd,False,400.0
7991,Kingston Rd / Markham Rd,43.7387843892732,-79.2174648570084,15,Kingston Rd / Markham Rd,False,500.0
7992,Fairglen Cres / Weston Rd,43.7087674747708,-79.5344519239426,11,Fairglen Cres / Weston Rd,False,1000.0
7993,Wells St / Brunswick Ave,43.6710516375838,-79.4090475521149,14,Wells St / Brunswick Ave,False,500.0
7994,Eglinton Ave E / Victoria Park Ave,43.7248610323054,-79.3035130629517,11,Eglinton Ave E / Victoria Park Ave,False,400.0
7995,Eglinton Ave W / Oakwood Ave,43.6970502302877,-79.4437599043325,15,Eglinton Ave W / Oakwood Ave,False,300.0
7996,Scarborough GO Station,43.7170472128686,-79.2546103078911,22,Scarborough Go Station,True,300.0
7997,3220 Bloor St W,43.6461867574952,-79.5176253674746,38,3220 Bloor St W,True,300.0
7998,Eglinton West Subway Station,43.6986710396861,-79.4368073856036,19,Eglinton West Subway Station,False,300.0
7999,Lawrence Ave W / Marlee Ave,43.7155526927409,-79.4461544565374,15,Lawrence Ave W / Marlee Ave,False,500.0
8000,16 Riverview Gardens ,43.6488371215979,-79.4867529425066,31,16 Riverview Gardens ,True,500.0
8001,Union Station (North),43.6456496200324,-79.3811631406857,16,Union Station (North),False,100.0
8002,Grantbrook St / Finch Hydro Corridor Trail,43.7804683053612,-79.4328041548848,15,Grantbrook St / Finch Hydro Corridor,False,300.0
8003,Tecumseth St / Tecumseth Pl,43.6426979962,-79.4049993694586,11,Tecumseth St / Tecumseth Pl,False,100.0
8004,21 Pleasant Blvd (1),43.6872118103153,-79.3926959180425,11,21 Pleasant Blvd (1),True,10.0
8005,21 Pleasant Blvd (2),43.6872042641154,-79.3926972652451,11,21 Pleasant Blvd (2),True,10.0
8006,803 Richmond St W,43.6443818969424,-79.4108533793123,23,803 Richmond St W,True,150.0
8007,385 Pacific Ave,43.6651094724602,-79.4683358142309,29,385 Pacific Ave,True,200.0
8008,Brookdale Ave / Yonge St,43.7299199927157,-79.4037271979714,16,Brookdale Ave/ Yonge St,False,300.0
8009,1 Shortt St,43.6959299331303,-79.4519013960952,38,1 Shortt St,True,300.0
8010,Finch Ave W / Bathurst St,43.7735613573139,-79.4440483091091,19,521 Finch Ave W,False,300.0
8011,33 Queen St E,43.6523196075425,-79.3768485767479,31,33 Queen St E,True,100.0
8012,Cherry St / Polson St,43.643320932767,-79.3512094851807,19,Cherry St / Polson St,True,300.0
8013,Logan Ave / Eastern Ave - SMART,43.6579255010755,-79.3414348692942,12,Logan Ave / Eastern Ave - SMART,False,150.0
8014,Wellington St W / Blue Jays Way,43.644733870701,-79.3916896326268,23,Wellington St W /Blue Jays way,False,150.0
8015,Spadina Ave / Dundas St W - SMART,43.6523523012161,-79.3980161769356,12,Spadina Ave / Dundas St W - SMART,False,150.0
8016,Queens Quay E / Freeland St,43.6424994808193,-79.3728577931847,23,Queens Quay E / Freeland St,False,150.0
8017,Pharmacy Ave / Eglinton Ave E ,43.7253446699245,-79.2976874085289,15,Pharmacy Ave / Eglinton Ave E ,False,300.0
8018,Saulter St / Queen St E - SMART,43.6589769715956,-79.3471531662705,16,Saulter St / Queens St E - SMART,False,200.0
8020,Euclid Ave / Queen St W - SMART,43.6465680640097,-79.4076868902591,9,Euclid Ave / Queen St W,False,300.0
8021,Torresdale Ave / Finch Ave W,43.7724556348983,-79.4510208541343,19,Torresdale Ave / Finch Ave W,False,300.0
8022,Sunrise Ave / Victoria Park Ave,43.7194091289023,-79.3022611709694,11,25 Sunrise Ave,False,500.0
8023,Shaw St / College St,43.6551193,-79.4201454,11,Shaw St / College St,False,500.0
8025,Front St E / Scott St (2),43.6476241415141,-79.3755249889202,11,Front St E / Scott St (2),False,50.0
8026,Jack Layton Ferry Terminal,43.6410316193689,-79.3767044272613,23,Jack Layton Ferry Terminal,False,50.0
8031,Ancaster Rd / Spalding Rd,43.7335948635825,-79.46651489023,15,Ancaster Rd / Spalding Rd,False,1000.0
8032,Roding St / Nash Dr,43.728859645844,-79.4920299765823,15,Roding St / Nash Dr,False,1000.0
8033,Ridge Rd / Wilson Ave ,43.7237869593083,-79.4941626981476,19,Ridge Rd / Wilson Ave ,False,1000.0
8034,Exbury Rd / Jane St,43.7295224865538,-79.5101425092621,15,Exbury Rd / Jane St,False,500.0
8035,Dubray Ave / Wilson Ave,43.7286176289777,-79.4780012294304,19,Dubray Ave / Wilson Ave,False,1000.0
8036,Jane St / Sheppard Ave W,43.7390134137019,-79.5128631792721,19,Jane St / Sheppard Ave W,False,1000.0
8037,Bathurst St / Sheppard Ave W,43.7551762288098,-79.4381218265108,15,Bathurst St / Sheppard Ave W,False,1000.0
8038,Finch Ave E / Upper Don Recreational Trail ,43.7889378831231,-79.3748886875059,11,Finch Ave E / Upper Don Recreational Trail ,False,1000.0
8039,Ruddington Dr / Finch Recreational Trail,43.7897818888442,-79.3898862171619,19,Ruddington Dr / Finch Recreational Trail,False,1000.0
8040,Old Cummer GO Station,43.7944233828024,-79.3692587950718,23,Old Cummer GO Station,False,1000.0
8041,Wilmington Ave / Kennard Ave,43.7611584810373,-79.4560000049282,11,Wilmington Ave / Kennard Ave,False,998.0
8042,Fairview Mall Dr / Fairview Mall Dr E,43.779672154399,-79.3429500491085,19,Fairview Mall Dr / Fairview Mall Dr E,False,1000.0
8043,Birchmount Rd / The Meadoway,43.7389321211054,-79.2811803258297,15,Birchmount Rd / The Meadoway,False,1000.0
8044,Scarborough Village Park,43.7471511343786,-79.2145023591385,11,Scarborough Village Park,False,996.0
8045,Prudential Dr / Midland Ave,43.7495662125791,-79.2657219092621,15,Prudential Dr / Midland Ave,False,1000.0
8046,Markham Rd / Cougar Crt,43.744988965771,-79.2194436632988,11,Markham Rd / Cougar Crt,False,1000.0
8047,Lawrence Ave E / Overture Rd,43.7656405392477,-79.1996149312134,11,Lawrence Ave E / Overture Rd,False,1000.0
8048,Morningside Ave / Kingston Rd,43.76907926671,-79.1871136306885,15,Morningside Ave / Kingston Rd,False,1000.0
8049,YZD,43.7368015,-79.4687878,19,YZD,False,1000.0
8050,Wilson Ave / Transit Rd (TTC Subway Station),43.7334589937537,-79.4533880689615,23,Wilson Ave / Transit Rd (TTC Subway Station),False,1000.0
8051,Homewood Ave / Wellesley St E - SMART,43.6669780117807,-79.3759451868686,12,Homewood Ave / Wellesley St E - SMART,False,300.0
8052,Warden Ave / The Meadoway,43.7355478135638,-79.2905190837737,11,Warden Ave / The Meadoway,False,1000.0
8053,Galloway Rd / Kingston Rd ,43.7624724450967,-79.1946925067476,17,Galloway Rd / Kingston Rd ,False,500.0
8054,Sheppard Ave E / Brian Dr,43.7751833232896,-79.3304433810174,19,Sheppard Ave E / Brian Dr,False,1000.0
8055,Sheppard Ave E / Willowdale Ave ,43.7641117429842,-79.3983369965274,11,Sheppard Ave E / Willowdale Ave ,False,1000.0
8056,Parkway Forest Dr / Forest Manor Rd (North),43.7747055795477,-79.3427532945751,19,Parkway Forest Dr / Forest Manor Rd (North),False,500.0
8057,Parkway Forest Dr / Forest Manor Rd (South),43.7695296872239,-79.343381714035,19,36 Parkway Forest Dr ,False,500.0
8058,Maxome Ave / Finch Hydro Corridor,43.7861161937811,-79.4003905408874,19,Maxome Ave / Finch Hydro Corridor,False,1000.0
8059,Ionview Rd / Eglinton Ave E,43.7317027935099,-79.2714920178692,11,Ionview Rd / Eglinton Ave E,False,1000.0
8060,Gilder Dr / Midland Ave,43.7365986,-79.2578451,15,Gilder Dr / Midland Ave,False,1000.0
8061,Stansbury Cr / Midland Ave,43.7425135275089,-79.2612431038377,11,Stansbury Cr / Midland Ave,False,1000.0
8062,Bay St / King St W,43.6483753414855,-79.3799828091115,23,Bay St / King St W,False,150.0
8063,Maida Vale Park,43.7331039681865,-79.2770281992636,11,Maida Vale Park,False,1000.0
8064,Kennedy Rd / Bertrand Ave,43.7374617671374,-79.2699593767259,11,Kennedy Rd / Bertrand Ave,False,1000.0
8065,Brockley Dr / Lawrence Ave E,43.7523548511766,-79.2627965885723,11,Brockley Dr / Lawrence Ave E,False,500.0
8066,Danforth Rd / Savarin St,43.7430724706256,-79.2453181221997,15,Danforth Rd / Saverin St,False,500.0
8073,Finch Ave E / Midland Ave,43.8035656501137,-79.2866960547241,15,Finch Ave E / Midland Ave,False,2000.0
8074,Huntingwood Dr / Midland Ave,43.7969034865904,-79.2837628152982,11,Huntingwood Dr / Midland Ave,False,1000.0
8075,Marine Parade Dr / Humber Bay Shores Park Trl,43.6264618250938,-79.4767510230207,19,Marine Parade Dr / Humber Bay Shores Park Trl,False,500.0
8076,Warden Ave / Huntingwood Dr,43.7857168223487,-79.310810396049,11,Warden Ave / Huntingwood Dr,False,2000.0
8077,Silver Springs Blvd / Birchmount Rd,43.800737007917,-79.3067124214887,11,Silver Springs Blvd / Birchmount Rd,False,1500.0
8078,Victoria Park Ave / Patrick Blvd ,43.7777592874974,-79.3239089242057,15,Victoria Park Ave / Patrick Blvd ,False,1000.0
8079,Aurora Ct / Bridletowne Cir,43.7928396172663,-79.3168517349864,11,Aurora Ct / Bridletowne Cir,False,1500.0
8080,Bay Mills Blvd / Birchmount Ave,43.7834298611239,-79.2995589011307,15,Bay Mills Blvd / Birchmount Ave,False,1000.0
8081,Bridlewood Park,43.7840299141828,-79.3162977401474,11,Bridlewood Park,False,1500.0
8082,Village Green Square,43.7782630673554,-79.2817495617656,15,Village Green Square,False,1000.0
8083,Eastview Park,43.7590714093204,-79.1894528171104,11,Eastview Park,False,1000.0
8084,Grenville St / Yonge St ,43.6620293466257,-79.3836095840229,15,Grenville St / Yonge St ,False,1000.0
8085,Lawrence Ave W / Bathurst St,43.7190103221796,-79.4300908911673,11,Lawrence Ave W / Bathurst St,False,996.0
8086,Lawrence Ave W / Dufferin St,43.7143178483639,-79.4541448570922,15,Lawrence Ave W / Dufferin St,False,500.0
8087,Front St E / Cooperage St,43.6529637801557,-79.3571104835428,19,Front St E / Cooperage St,False,500.0
8088,Lawrence Ave W / Renfield St,43.7040299855481,-79.4988335075738,11,Lawrence Ave W / Renfield St,False,1000.0
8089,Lawrence Ave W / Pine St,43.7017745250335,-79.5085045113247,15,Lawrence Ave W / Pine St,False,1000.0
8090,Church St / Cypress St,43.7063857526815,-79.5167169767572,15,Church St / Cypress St,False,1000.0
8091,Rockcliffe Blvd / Alliance Ave,43.6765193972744,-79.4894202708655,11,Rockcliffe Blvd / Alliance Ave,False,1000.0
8092,Jane St / Woolner Ave (Woolner Park),43.6711961832608,-79.4933721795595,15,Jane St / Woolner Ave (Woolner Park),False,1000.0
8093,Jane St / Spenvalley Dr,43.7409370722105,-79.5133888264588,15,Jane St / Spenvalley Dr,False,1000.0
8094,Baycrest Ave / Bathurst St,43.7296652611875,-79.4324727837474,19,Baycrest Ave / Bathurst St,False,1000.0
8095,Weston Rd / Gaydon Ave,43.7205818485706,-79.5372908939931,11,Weston Rd / Gaydon Ave,False,1001.0
8096,Commissioners St / Bouchette St,43.650268909737,-79.3407257988207,20,Commissioners St / Bouchette St,False,1000.0
8099,Jane St / Milo Park Gt,43.7661050578178,-79.5198757748091,11,Jane St / Milo Park Gt,False,1000.0
8101,Pape Ave / Hopedale Ave,43.6965143478275,-79.3500186745515,15,Pape Ave / Hopedale Ave,False,500.0
8102,Sheppard Ave W / Magellan Dr,43.7397376071035,-79.5098683632623,15,Sheppard Ave W / Magellan Dr,False,1000.0
8104,Toronto Public Library - Agincourt,43.7855211756522,-79.2935342124609,15,Toronto Public Library - Agincourt,False,1000.0
8105,Kennedy Rd / Finch Recreational Trail,43.8104818757924,-79.3013077860983,15,Kennedy Rd / Finch Recreational Trail,False,1000.0
8106,Memorial Park Ave / Kimbourne Ave ,43.690895235845,-79.3345204288325,11,Memorial Park Ave / Kimbourne Ave ,False,500.0
8107,Pitfield Rd / McCowan Rd,43.7874524411183,-79.2576839321258,15,Pitfield Rd / McCowan Rd,False,1000.0
8108,Agincourt Recreation Centre,43.7880935841268,-79.2763071018949,15,Agincourt Recreation Centre,False,1000.0
8109,Brimley Rd / E Highland Creek Trail,43.7969279826334,-79.2728706494794,11,Brimley Rd / E Highland Creek Trail,False,1000.0
8110,Midland Ave / Finch Recreational Trail,43.8126424803018,-79.2911958806753,15,Midland Ave / Finch Recreational Trail,False,1000.0
8111,Brimwood Blvd / North Scarborough Green Loop,43.8117353566274,-79.2782876281073,11,Brimwood Blvd / North Scarborough Green Loop,False,2000.0
8112,Bernadine St / Brimley Rd,43.7685269884529,-79.2605010512343,11,Bernadine St / Brimley Rd,False,1500.0
8113,Leslie Lookout Park,43.6539240636063,-79.3243587478851,23,Leslie Lookout Park,False,1000.0
8114,Dulverton Rd / Birchmount Rd,43.7485069920421,-79.2846570355248,11,Dulverton Rd / Birchmount Rd,False,1000.0
8115,Lawrence Ave E / Burnview Cres,43.7564950041819,-79.2404361110925,11,Lawrence Ave E / Burnview Cres,False,1000.0
8117,Valparaiso Ave / Lawrence Ave E,43.7549682870734,-79.2467414185218,15,Valparaiso Ave / Lawrence Ave E,False,1000.0
8118,Clover Hill Park - SMART,43.665680051367,-79.3880299909544,20,Clover Hill Park,False,500.0
8119,Thistletown Community Centre,43.7353295520453,-79.5617648860064,11,Thistletown Community Centre,False,1000.0
8120,Albion Rd / Kipling Ave (Albion Arena),43.739888739213,-79.5826401984687,11,Albion Rd / Kipling Ave (Albion Arena),False,1000.0
8122, Silverstone Dr / Stevenson Rd ,43.7447168939231,-79.5881660971636,15, Silverstone Dr / Stevenson Rd ,False,1000.0
8123,Martin Grove Rd / Lexington Ave,43.7444818528768,-79.5956556853212,11,Martin Grove Rd / Lexington Ave,False,500.0
8125,John Garland Blvd / Jamestown Cres,43.7323610923901,-79.5866111181751,15,John Garland Blvd / Jamestown Cres,False,1000.0
8128,Queen’s Plate Dr / Rexdale Blvd,43.7195620278365,-79.603464250864,11,Queen’s Plate Dr / Rexdale Blvd,False,1000.0
8129,Don Mills Rd / Barber Greene Rd,43.7272819730713,-79.3409846342569,11,Don Mills Rd / Barber Greene Rd,False,1000.0
8130,Gateway Blvd (South) / Don Mills Rd,43.7099850918783,-79.3338989852764,11,Gateway Blvd (South) / Don Mills Rd,False,1000.0
8131,Rochefort Dr / Don Mills Rd,43.7180053539527,-79.337403680539,11,Rochefort Dr / Don Mills Rd,False,1000.0
8133,Aga Khan Museum and Park (Wynford Dr),43.725716689078,-79.3329648367957,15,Aga Khan Museum and Park (Wynford Dr),False,1000.0
8134,Eglinton Ave E / Sloane Ave,43.7261714792237,-79.313089964094,11,Eglinton Ave E / Sloane Ave,False,1000.0
8139,Knob Hill Park,43.7439055200841,-79.2511982173518,11,Knob Hill Park,False,1000.0
8141,Brimley Rd / Brimorton Dr,43.7655230089341,-79.2594852699592,11,Brimley Rd / Brimorton Dr,False,1000.0
8142,Kitchener Rd / Kingston Rd,43.7667533042327,-79.1897007493297,11,Kitchener Rd / Kingston Rd,False,1000.0
8144,James Gardens,43.670884247284,-79.5138116548478,11,James Gardens,False,1000.0
8146, George St S / The Esplanade,43.6483469688081,-79.3697973984913,11, George St S / The Esplanade,False,500.0
8147,Widmer St / Adelaide St W (South),43.6472998813368,-79.3913130970557,8,Widmer St / Adelaide St W (South),False,20.0
8148,Simcoe St / Wellington St W (North) 2,43.6462461428634,-79.3854885190144,4,Simcoe St / Wellington St W ,False,10.0
8149,Danforth Rd / St Clair Ave E,43.7171623855586,-79.2595671883111,11,Danforth Ave / St Clair Ave E,False,1000.0
8150,Birchmount Rd / Eglinton Ave E,43.7293226039952,-79.2779875325645,11,Birchmount Rd / Eglinton Ave E,False,1000.0
8151,Corvette Ave / Kennedy Rd,43.7254462379727,-79.2647685217911,11,Corvette Ave / Kennedy Rd,False,1000.0
8152,Surrey Pl / Dr. Emily Stowe Way - SMART,43.6610428401682,-79.3879663013209,16,Surrey Pl / Dr. Emily Stowe Way,False,500.0
8153,Neilson Rd / Ellesmere Rd,43.7823492109226,-79.2047336995471,19,25 Neilson Rd,False,0.0
8154,Mornelle Ct / Ellesmere Rd,43.78528,-79.195423,11,3070 Ellesmere Rd,False,0.0
8155,Ellesmere Rd / Scarborough Golf Club Rd ,43.7788146205882,-79.22174099254,15,Ellesmere Rd / Scarborough Golf Club Rd ,False,1000.0
8156,Scarborough Golf Club Rd / Lawrence Ave E ,43.7611806139855,-79.2160381876396,11,Scarborough Golf Club Rd / Lawrence Ave E ,False,1000.0
8157,Confederation Dr / Greencrest Cr,43.7577958494029,-79.222943376826,15,Confederation Dr / Greencrest Cr,False,1000.0
8158,Livonia Pl / Neilson Rd,43.7855501205564,-79.205917078322,11,Livonia Pl / Neilson Rd,False,1000.0
8159,Lawrence Ave E / Orton Park Rd,43.7638390497496,-79.2055991261618,15,Lawrence Ave E / Orton Park Rd,False,1000.0
8160,Lawrence Ave E / Mossbank Dr,43.7627061616109,-79.2109974581985,15,Lawrence Ave E / Mossbank Dr,False,1000.0
8161,Victoria Park Ave / The Meadoway,43.7290219822971,-79.3042428470522,15,Victoria Park Ave / The Meadoway,False,1000.0
8162,Dan Leckie Way / Fort York Blvd,43.6392023369908,-79.3977692211304,27,Dan Leckie Way / Fort York Blvd,False,200.0
8163,Strachan Ave / Ordnance St,43.6391731005604,-79.4105682457256,23,Strachan Ave / Ordnance St,False,150.0
8164,Keelegate Dr / Keele St,43.7331038526349,-79.4833047163847,19,Keelegate Dr / Keele St,False,1000.0
8165,Ranee Ave / Flemington Rd (North),43.7234919748578,-79.4482424736158,11,Ranee Ave / Flemington Rd (North),False,1000.0
8166,Lawrence East Station,43.7496620529048,-79.2719219393008,11,Lawrence East Station,False,1000.0
8167,Woburn Ave / Avenue Rd,43.7254528099893,-79.4164881753929,15,Woburn Ave / Avenue Rd,False,1000.0
8168,Portland St / Front St W,43.641634085639,-79.3987894305286,11,Portland St / Front St W,False,500.0
8169,William Cragg Dr / Jane St,43.7225463104724,-79.5086141446888,15,William Cragg Dr / Jane St,False,500.0
8170,Munition St / Commissioners St,43.6465292722371,-79.3503297708559,15,Munition St / Commissioners St,False,1000.0
8171, Grafton Ave / Roncesvalles Ave,43.6395986698936,-79.4462127927668,23, Grafton Ave / Roncesvalles,False,1000.0
8172,Silverthorn Ave / Pryor Ave,43.6748569993053,-79.4601915202729,23,Silverthorn Ave / Pryor Ave,False,1000.0
8173,St. Clair Ave W / Poplar Plains Rd,43.6860019195212,-79.4039532772803,15,St. Clair Ave W / Poplar Plains Rd,False,1000.0
8174,Wellington St E / Church St,43.6486445464305,-79.3741942154678,23,Wellington St E / Church St,False,500.0
8175,Simcoe St / Wellington St W (North) 3,43.6462266832953,-79.3855347770063,23,Simcoe St / Wellington St W (North / 3),False,5.0
8176,9 Willingdon Blvd,43.6483472007535,-79.510037688993,39,9 Willingdon Blvd,True,1000.0
8177,Linkwood Ln / Spanbridge Rd,43.7125731080812,-79.3244954915011,11,Linkwood Ln / Spanbridge Rd,False,1000.0
8178,Agincourt GO Station,43.7860566894366,-79.2850307272366,23,Agincourt GO Station,False,1000.0
